listing_id,avg_price,median_price,min_date,max_date,n_observations,n_unique_dates,season_high
1002341236260011015,351.85185185185185,350.0,2025-01-30,2025-04-20,54,54,351.85185185185185
1002785860497857801,600.1641414141415,600.0,2025-01-23,2025-04-20,198,80,600.1641414141415
1004496327455456339,402.64953271028037,380.0,2025-01-10,2025-04-19,214,81,402.64953271028037
1004910078575857573,765.4794520547945,750.0,2025-01-19,2025-03-16,73,27,765.4794520547945
1005860682746801029,399.3671875,385.0,2025-01-30,2025-04-20,128,75,399.3671875
1005958896607152946,249.7826086956522,240.0,2025-01-10,2025-03-31,161,55,249.7826086956522
1006396584243125090,574.9787653846154,601.0,2025-01-17,2025-04-20,208,83,574.9787653846154
1008029204257210230,321.6753278651685,315.0,2025-01-21,2025-03-31,178,68,321.6753278651686
1011115904222911872,809.5878269607844,700.0,2025-01-14,2025-04-17,204,79,809.5878269607844
1011714999685071594,556.5263157894736,557.0,2025-03-24,2025-04-20,57,28,556.5263157894736
1014245162199655907,572.6712962962963,600.0,2025-03-06,2025-04-17,108,43,572.6712962962963
1015691857467598452,1272.4363636363637,1296.0,2025-01-20,2025-03-31,165,55,1272.4363636363637
1016100494032497541,370.6923076923077,369.0,2025-01-07,2025-04-06,78,78,370.6923076923077
1019041007385326527,675.8255813953489,575.0,2025-02-17,2025-04-07,43,43,675.8255813953489
1019453731090411731,452.88211385365855,380.0,2025-01-26,2025-04-20,205,85,452.8821138536586
1019756845213291605,173.32638888888889,179.0,2025-01-23,2025-04-20,72,72,173.32638888888889
1021217453140595481,398.82608695652175,330.0,2025-01-07,2025-04-06,46,46,398.82608695652175
1023885231203292759,520.7996715270937,490.0,2025-01-26,2025-04-20,203,80,520.7996715270937
1024067179174522246,215.5504762857143,200.0,2025-01-26,2025-04-05,70,70,215.5504762857143
1025356251415331533,368.675,350.0,2025-01-17,2025-04-20,80,36,368.675
10266012,121.25,125.0,2025-02-01,2025-04-07,58,58,121.25
1028988415727336651,561.97619,570.0,2025-01-17,2025-04-06,70,70,561.97619
1030981527494824971,297.9887389189189,250.0,2025-02-07,2025-04-08,74,27,297.98873891891895
1031938290013047428,660.0380184331797,627.0,2025-01-15,2025-04-20,217,82,660.0380184331797
1032037416009523135,550.7972972972973,556.0,2025-01-24,2025-03-05,37,37,550.7972972972973
1033202997223117530,1938.8908034482758,1800.0,2025-01-23,2025-03-15,29,29,1938.8908034482758
10340400,300.0,300.0,2025-03-06,2025-03-19,18,6,300.0
1034873975277447845,880.3985258503401,732.0,2025-01-19,2025-04-20,147,62,880.3985258503401
1035628196408986358,1025.3398686274509,941.0,2025-01-31,2025-04-20,102,43,1025.3398686274509
1036955655225647222,463.07142857142856,500.0,2025-01-13,2025-04-07,70,70,463.07142857142856
1037004838842410100,310.7857142857143,330.0,2025-01-28,2025-03-31,35,35,310.7857142857143
1037047027853581998,1035.8394736842106,890.0,2025-01-08,2025-03-31,95,43,1035.8394736842106
1039235354309448898,204.4973544973545,150.0,2025-01-21,2025-04-17,189,75,204.4973544973545
1042032092670718662,411.5138888888889,402.0,2025-01-27,2025-04-11,72,29,411.5138888888889
1043497443334655968,870.8373023809525,870.0,2025-03-06,2025-04-20,42,42,870.8373023809525
1043599286749467076,501.05645161290323,402.25,2025-01-29,2025-03-31,62,62,501.05645161290323
1044223371798078486,801.0714285714286,800.0,2025-01-07,2025-04-06,70,70,801.0714285714286
1044458170286255125,1013.1986724637682,1100.0,2025-02-12,2025-04-16,138,55,1013.1986724637682
1045077329214831775,800.0,800.0,2025-03-20,2025-04-19,31,31,800.0
1045459185575382038,550.9274193548387,550.0,2025-01-12,2025-04-20,248,93,550.9274193548387
1045520246239520927,951.4561493243244,953.57145,2025-01-30,2025-04-20,148,81,951.4561493243244
1045592510645908121,502.9846153846154,500.0,2025-01-09,2025-04-06,65,65,502.9846153846154
1045916135727198441,688.6816673333334,650.0,2025-02-21,2025-04-20,150,59,688.6816673333334
1046547202929220520,415.1524942857143,412.5,2025-01-29,2025-04-20,147,59,415.1524942857143
1047723626454445067,1637.7726156133829,1750.0,2025-01-07,2025-04-20,269,104,1637.7726156133829
1048804459244346908,709.6292682926829,700.0,2025-01-07,2025-04-20,205,82,709.6292682926829
1049417084065072931,646.25,647.25,2025-01-20,2025-01-31,18,12,646.25
1050857413300266721,673.5866666666667,575.0,2025-01-15,2025-04-02,150,58,673.5866666666667
1052110098791057231,673.7920792079208,575.0,2025-01-08,2025-04-20,101,53,673.7920792079208
1052490589225547467,709.3215994252873,719.125,2025-02-13,2025-04-20,174,67,709.3215994252873
1053030252161966865,276.72289156626505,280.0,2025-01-28,2025-04-20,83,83,276.72289156626505
1053132609735844516,956.060606060606,1000.0,2025-02-27,2025-03-09,33,11,956.060606060606
1053425333694349352,195.72916666666666,185.0,2025-01-13,2025-04-07,48,48,195.72916666666666
1053522951026570547,670.247275,659.55,2025-01-25,2025-04-20,208,86,670.247275
1053625763515857065,494.7997694444445,450.0,2025-02-05,2025-04-20,72,72,494.7997694444445
1053851019443958006,575.9787374485596,520.0,2025-01-21,2025-04-20,243,90,575.9787374485596
1054265461023254222,534.0240963855422,500.0,2025-01-11,2025-04-16,166,67,534.0240963855422
1055163452693752832,557.5115606936416,500.0,2025-01-22,2025-04-20,173,72,557.5115606936416
1056816282920055514,564.56410295858,540.0,2025-01-11,2025-03-31,169,63,564.56410295858
1056827534457537585,359.8315603829787,349.0,2025-01-19,2025-04-20,235,92,359.83156038297875
1057137469420115073,720.0122282608696,575.0,2025-01-08,2025-04-20,184,78,720.0122282608696
1057964852411462810,342.8186274509804,300.0,2025-02-03,2025-04-20,204,77,342.8186274509804
1058193595817353204,394.5561797752809,400.0,2025-02-09,2025-04-20,89,33,394.5561797752809
1058777213156843238,443.0851063829787,360.0,2025-02-02,2025-04-16,47,26,443.0851063829787
1060712994513047104,448.09973404255317,427.0,2025-01-11,2025-04-20,188,78,448.09973404255317
1062221285605590578,589.3841266666666,500.0,2025-01-13,2025-04-20,135,82,589.3841266666666
1062615116593634676,441.02,400.0,2025-01-15,2025-04-20,150,66,441.02
1063807278503566143,486.825,485.0,2025-01-29,2025-04-17,160,67,486.825
1066545050089987954,471.7204301075269,400.0,2025-01-14,2025-04-20,186,81,471.7204301075269
1067320906990424780,614.2532051282051,538.25,2025-02-12,2025-04-20,156,61,614.2532051282051
1070343877574441166,317.5,300.0,2025-01-13,2025-04-17,33,22,317.5
1074031328011239995,1856.7724719101125,2000.0,2025-01-08,2025-04-19,178,102,1856.7724719101125
1074829679064875721,749.0,749.0,2025-04-01,2025-04-06,6,6,749.0
1075444278753674442,600.4666666666667,650.0,2025-01-30,2025-04-07,45,45,600.4666666666667
1075503699104403085,995.968115942029,800.0,2025-02-11,2025-04-20,69,69,995.968115942029
1077396104359577731,603.0213666666666,600.0,2025-02-11,2025-04-07,39,20,603.0213666666666
1081972140987250431,672.408950617284,586.0,2025-01-30,2025-04-20,162,63,672.408950617284
1082133757143221839,1211.253336,1200.0,2025-01-27,2025-02-12,25,17,1211.253336
1082746592587689161,591.6477272727273,390.0,2025-01-09,2025-03-31,44,44,591.6477272727273
1083196219974177016,333.7543859649123,315.0,2025-01-20,2025-04-06,57,57,333.7543859649123
1083301106167776779,481.6901408450704,477.0,2025-03-06,2025-04-16,71,30,481.6901408450704
1083424325445690046,602.6234574074074,550.0,2025-02-12,2025-04-06,54,54,602.6234574074074
1083633025910461931,314.1304347826087,310.0,2025-02-11,2025-04-06,46,46,314.1304347826087
1084601543056055517,1357.079365079365,1400.0,2025-02-04,2025-04-07,63,63,1357.079365079365
1085437829031467755,690.3572514285714,600.0,2025-02-25,2025-04-20,77,45,690.3572514285714
1086855144095843601,493.20833323529416,490.0,2025-01-23,2025-03-31,68,68,493.20833323529416
1088251024341369589,612.5,600.0,2025-01-25,2025-02-07,20,14,612.5
1091408953130822622,310.625,280.0,2025-01-13,2025-04-07,48,48,310.625
10982940,1800.0,1800.0,2025-01-23,2025-04-20,75,75,1800.0
1100720037663116812,1099.7048387096775,980.0,2025-01-20,2025-04-15,155,66,1099.7048387096775
1100991386372756521,826.0555555555555,800.0,2025-01-13,2025-04-20,252,95,826.0555555555555
11044577,384.6154545454545,378.0,2025-01-30,2025-04-07,55,55,384.6154545454546
1111626053814730010,716.0726744186046,612.0,2025-01-31,2025-04-20,172,70,716.0726744186046
1124052077567202180,880.2608695652174,700.0,2025-03-26,2025-04-16,23,20,880.2608695652174
1125970477826966385,634.6628350574713,575.0,2025-01-08,2025-04-20,174,68,634.6628350574713
1131810056799937593,775.5664251207729,680.0,2025-01-20,2025-04-20,207,81,775.5664251207729
1137698308528017474,707.5915401515151,650.25,2025-02-03,2025-04-20,132,53,707.5915401515151
1139831117529014384,625.9906103286385,610.0,2025-01-24,2025-04-20,213,82,625.9906103286385
1147824179020677628,466.3407079646018,440.0,2025-01-21,2025-04-19,113,49,466.3407079646018
11508986,348.7307692307692,354.0,2025-02-13,2025-03-08,13,13,348.7307692307692
1153493820067017135,405.34953680555554,396.25,2025-02-06,2025-04-20,144,57,405.34953680555554
1153552657765472365,393.9679492307692,344.75,2025-02-04,2025-04-20,78,35,393.96794923076925
11567423,856.9881656804733,790.0,2025-01-20,2025-04-20,169,67,856.9881656804733
1161796266594364332,460.5263157894737,450.0,2025-02-27,2025-04-16,38,31,460.5263157894737
1161927707286622818,235.59095211764708,246.0,2025-01-14,2025-04-17,85,38,235.59095211764702
1163772289534164479,1810.4795321637428,1700.0,2025-01-09,2025-04-20,171,68,1810.4795321637428
1171049670344322120,678.1803278688525,599.0,2025-02-19,2025-04-20,61,61,678.1803278688525
1173260792743932663,1113.5992936170212,1109.0,2025-01-25,2025-03-05,94,36,1113.5992936170212
1174263938200349649,568.8507665271966,500.0,2025-01-13,2025-04-20,239,89,568.8507665271966
1179103047052148475,686.2233009708738,640.5,2025-01-29,2025-04-20,103,47,686.2233009708738
1181723518413479765,524.3837209302326,450.0,2025-01-25,2025-04-20,86,86,524.3837209302326
1181933658424522281,387.0681425,374.16667,2025-01-19,2025-04-20,192,77,387.0681425
1181944920258781413,391.5123458333333,374.5,2025-01-15,2025-04-20,216,87,391.5123458333333
1181971107577983158,388.1420835,372.0,2025-01-16,2025-04-20,200,81,388.1420835
1182018398755268829,711.1587078651686,644.0,2025-01-14,2025-04-20,178,73,711.1587078651686
1182028381058524086,608.5751176056339,598.75,2025-01-14,2025-04-20,142,70,608.5751176056339
1182040498646675653,721.9340490797546,644.0,2025-01-13,2025-04-16,163,66,721.9340490797546
1182043782165637473,597.9548614583333,592.33335,2025-01-19,2025-04-20,192,75,597.9548614583333
1182070530301053205,598.0665712643678,575.0,2025-01-15,2025-04-20,174,76,598.0665712643678
1182188163181410725,934.5365853658536,850.0,2025-01-24,2025-04-20,82,82,934.5365853658536
1183418487997408853,597.14895875,575.0,2025-01-29,2025-04-20,160,63,597.14895875
1184078920130796920,414.3142857142857,407.5,2025-02-05,2025-04-19,70,70,414.3142857142857
1184152596221501552,598.165821319797,601.0,2025-01-22,2025-04-20,197,81,598.165821319797
1187061700423806804,608.5170071428572,608.0,2025-01-12,2025-04-20,196,75,608.5170071428572
1187558666042801587,648.9082840236687,564.0,2025-01-23,2025-04-20,169,71,648.9082840236687
1187772975255244525,397.9529414117647,384.0,2025-01-28,2025-04-20,170,67,397.9529414117647
1188323084225041810,601.8693691891892,599.5,2025-01-10,2025-04-20,185,73,601.8693691891892
1188339469325210376,604.3319897849462,601.0,2025-01-12,2025-04-20,186,73,604.3319897849462
1188476386889166335,599.7974958549223,607.0,2025-01-10,2025-04-20,193,79,599.7974958549223
1189331897618015345,719.632447826087,693.0,2025-01-11,2025-04-20,207,86,719.632447826087
1191261348067720296,702.053075,644.0,2025-01-17,2025-04-20,168,67,702.053075
1191386301072209798,593.15463,600.0,2025-01-19,2025-04-17,180,73,593.15463
1192836728602105901,594.9351857142857,600.0,2025-01-14,2025-04-20,189,77,594.9351857142857
1193347652334673191,959.2254437869823,1025.0,2025-02-02,2025-04-15,169,66,959.2254437869823
1193414131980072087,686.7645825,627.0,2025-01-11,2025-04-20,160,66,686.7645825
1193496259129259761,720.6557312217194,723.0,2025-01-22,2025-04-20,221,86,720.6557312217194
1193657356522503551,727.4571428571429,702.0,2025-01-21,2025-03-31,70,70,727.4571428571429
1195858349379362032,864.7156862745098,945.0,2025-01-11,2025-04-20,153,65,864.7156862745098
1197121947398131654,398.0967261904762,383.0,2025-01-07,2025-04-20,168,73,398.0967261904762
1197195878719681680,400.62522084656086,384.0,2025-01-12,2025-04-20,189,76,400.62522084656086
1198703061430420363,391.2956989247312,400.0,2025-02-26,2025-04-20,93,40,391.2956989247312
1199996219082185363,227.88484848484848,200.0,2025-01-23,2025-04-16,165,65,227.88484848484848
1203075817950465589,1411.3793103448277,1400.0,2025-01-30,2025-04-20,87,72,1411.3793103448277
1203140233522044896,471.458859009009,506.0,2025-01-12,2025-04-19,222,88,471.458859009009
12067632,721.1063067567568,720.0,2025-02-14,2025-03-31,74,34,721.1063067567568
1207335703563012811,434.22709317535544,427.0,2025-01-13,2025-04-20,211,82,434.22709317535544
1207338410880339003,435.0734215859031,427.0,2025-01-25,2025-04-20,227,86,435.0734215859031
1207383031689344642,674.9166666666666,800.0,2025-01-12,2025-04-19,192,76,674.9166666666666
1207864392976162235,554.8304347826087,600.0,2025-01-13,2025-04-20,230,98,554.8304347826087
1207881809440158991,434.6496455319149,427.0,2025-01-19,2025-04-20,235,92,434.6496455319149
1207940918769840398,399.22906,382.0,2025-01-24,2025-04-20,195,77,399.22906
1207992119242235910,390.0867271493213,374.5,2025-01-11,2025-04-20,221,89,390.0867271493213
1208704132667695539,616.2873443983402,600.0,2025-01-10,2025-04-20,241,95,616.2873443983402
1208718899534488031,435.0926757847534,427.0,2025-01-21,2025-04-20,223,90,435.0926757847534
1208735754877396448,433.66346153846155,427.0,2025-01-08,2025-04-20,208,83,433.66346153846155
1208746927423730353,394.4072251231527,379.0,2025-01-12,2025-04-20,203,79,394.4072251231527
1208757710030861160,389.2944985436893,372.0,2025-01-24,2025-04-20,206,87,389.2944985436893
1208757855935244741,393.9708335,374.5,2025-01-13,2025-04-20,200,82,393.9708335
1209010210831577821,1082.6623376623377,1000.0,2025-01-19,2025-04-05,77,77,1082.6623376623377
1213824251801309412,1125.2098930481284,993.0,2025-01-14,2025-04-20,187,72,1125.2098930481284
1214464056304542513,711.8830049261084,668.6667,2025-01-21,2025-04-20,203,87,711.8830049261084
1216602433904805187,600.348856372549,607.0,2025-01-15,2025-04-20,204,85,600.348856372549
1218889785346856352,574.7,505.0,2025-01-14,2025-02-27,30,30,574.7
1219597802580113056,602.279232460733,607.0,2025-01-09,2025-04-20,191,78,602.279232460733
1219655958873769070,709.1632304123711,660.16665,2025-01-21,2025-04-20,194,84,709.1632304123711
1226846054624436877,714.6511904761904,693.0,2025-01-11,2025-04-20,210,93,714.6511904761904
1226856286781952840,720.3633177570093,729.5,2025-01-11,2025-04-20,214,86,720.3633177570093
1229942592150628971,342.34,220.0,2025-02-21,2025-04-06,25,25,342.34
1233370107101543516,409.8952205882353,380.5,2025-01-31,2025-04-20,136,60,409.8952205882353
1233973103621276698,398.7967741935484,383.0,2025-01-20,2025-04-20,155,69,398.7967741935484
1233994658216308874,410.6914893617021,377.0,2025-01-09,2025-04-20,141,61,410.6914893617021
1234084273027568746,399.98726875,376.0,2025-01-17,2025-04-20,144,60,399.98726875
12359560,700.336661,602.5,2025-02-13,2025-04-20,100,51,700.336661
1236367599770739400,579.1864406779661,600.0,2025-01-26,2025-04-20,59,59,579.1864406779661
1238321506456103932,760.2575757575758,770.0,2025-02-04,2025-04-20,198,76,760.2575757575758
1242002119123644781,5622.6611111111115,5500.0,2025-01-07,2025-04-06,90,90,5622.6611111111115
1242713378625026725,636.9579281553398,660.0,2025-01-15,2025-04-20,206,83,636.9579281553398
1247028916537033972,1761.7733333333333,1700.0,2025-01-12,2025-04-07,75,75,1761.7733333333333
1248514191377483703,525.7079439252336,495.0,2025-01-12,2025-04-20,214,87,525.7079439252336
1248685472424986601,292.2368421052632,280.5,2025-02-01,2025-04-06,38,38,292.2368421052632
12490354,748.5075777777778,749.0,2025-02-02,2025-04-05,63,63,748.5075777777778
1249371220066552412,598.2648155555556,599.0,2025-01-29,2025-04-20,180,69,598.2648155555556
1249385754807434824,600.5720489583333,607.0,2025-01-24,2025-04-20,192,78,600.5720489583333
1249919049392818339,602.7856608108108,545.0,2025-01-10,2025-04-20,222,91,602.7856608108108
1250122800440869898,806.422077922078,887.125,2025-01-13,2025-04-07,154,85,806.422077922078
1254384361135492137,638.1924778761062,604.0,2025-01-14,2025-04-20,226,86,638.1924778761062
1254489827996538747,1238.6441432432432,1190.0,2025-01-12,2025-04-07,74,74,1238.6441432432432
1257312272803306995,558.9984128571429,545.0,2025-01-12,2025-04-20,210,82,558.9984128571429
1259534245145609058,444.06282027972026,384.0,2025-01-15,2025-04-20,143,60,444.06282027972026
1260073533686146608,437.0,377.0,2025-01-20,2025-04-20,187,76,437.0
1262982199583014782,754.6294416243654,703.3333,2025-01-20,2025-04-20,197,83,754.6294416243654
1263128865886946817,592.0514187234043,607.0,2025-01-12,2025-04-20,235,93,592.0514187234043
1264729892004302735,455.84,450.0,2025-02-19,2025-04-19,35,35,455.84
1265161823691467042,640.358413592233,660.0,2025-01-12,2025-04-20,206,82,640.358413592233
1265295313956605287,397.36165862068964,372.0,2025-01-11,2025-04-20,203,79,397.36165862068964
1265370363028714118,399.53855721393035,382.0,2025-01-12,2025-04-20,201,84,399.53855721393035
1266717192483343855,600.0,550.0,2025-02-18,2025-04-20,62,62,600.0
1267332355220608617,668.5797101449275,699.0,2025-01-29,2025-04-07,69,69,668.5797101449275
1268755217310742256,791.3513513513514,800.0,2025-01-21,2025-04-06,37,37,791.3513513513514
1268889705366032062,1005.0625,1000.0,2025-01-06,2025-04-07,128,65,1005.0625
1269623861253689862,407.3966448051948,380.0,2025-01-26,2025-04-20,154,65,407.3966448051948
1269636598524749154,392.74024840425534,374.5,2025-01-27,2025-04-20,188,76,392.74024840425534
1271171762063321920,581.25,650.0,2025-02-02,2025-04-20,56,56,581.25
1272260793182499350,569.5251853333333,582.0,2025-02-27,2025-04-19,45,45,569.5251853333333
1272537775161574422,566.3597122302158,495.0,2025-01-27,2025-04-20,139,56,566.3597122302158
1274055523929375490,606.8991816964286,545.0,2025-01-08,2025-04-20,224,91,606.8991816964286
1274533646308060247,625.2028017699115,601.25,2025-01-25,2025-04-20,226,86,625.2028017699115
1274679812745645557,594.6753971428572,607.0,2025-01-14,2025-04-20,210,88,594.6753971428572
1276789839775235217,430.06976744186045,500.0,2025-02-02,2025-04-07,43,43,430.06976744186045
1277103969415516416,454.006172962963,470.0,2025-02-03,2025-04-20,54,54,454.006172962963
1277671971539993475,281.9166666666667,273.5,2025-03-04,2025-04-18,30,30,281.9166666666667
1280559161534348023,626.4492066666667,597.83335,2025-01-13,2025-04-20,210,86,626.4492066666667
1282577030741754149,398.86630054945056,382.0,2025-01-17,2025-04-20,182,72,398.86630054945056
1282585098065467787,399.4261479041916,382.0,2025-01-12,2025-04-20,167,65,399.4261479041916
1283982403734255309,593.4635112426035,586.6667,2025-01-30,2025-04-20,169,67,593.4635112426035
1284110666632259028,600.6614042105264,600.0,2025-01-14,2025-04-20,190,77,600.6614042105264
1285538056394050628,1079.0913654618473,1320.0,2025-01-06,2025-04-20,249,97,1079.0913654618473
1286394668026043637,2028.7058823529412,2000.0,2025-01-13,2025-04-07,85,85,2028.7058823529412
1292815457899461748,717.8842281879195,644.0,2025-01-12,2025-04-20,149,72,717.8842281879195
12931525,417.57272672727277,400.0,2025-01-15,2025-04-20,110,46,417.57272672727265
1297930390704189766,596.7044717073171,545.0,2025-01-10,2025-04-20,205,85,596.7044717073171
1297930815921503919,930.051088442211,871.0,2025-01-20,2025-04-20,199,76,930.051088442211
1303745304497797235,714.5645539906103,691.0,2025-01-17,2025-04-20,213,85,714.5645539906103
1304403734260231676,643.0599173553719,641.625,2025-01-06,2025-04-20,242,101,643.0599173553719
1304433283397417052,1105.9441176470589,967.25,2025-01-14,2025-04-20,170,66,1105.9441176470589
1307990676918354925,605.7382008849557,607.0,2025-01-13,2025-04-20,226,87,605.7382008849557
1311575286815584867,790.9603670731707,753.0,2025-01-26,2025-04-20,82,82,790.9603670731707
1312949509621922876,647.1384976525821,627.0,2025-01-16,2025-04-20,213,86,647.1384976525821
1313064371372817918,976.031746031746,880.0,2025-01-09,2025-04-20,252,98,976.031746031746
1314095834089788250,794.9188051282051,800.0,2025-02-01,2025-04-19,78,78,794.9188051282052
1315954985293478319,811.6538461538462,950.0,2025-01-09,2025-04-20,260,102,811.6538461538462
1317427472349939673,1000.0,1000.0,2025-01-06,2025-04-06,91,91,1000.0
1318315111310867765,752.7510283950617,700.0,2025-01-29,2025-04-19,81,81,752.7510283950617
1318376138623084691,785.413725882353,786.6667,2025-01-26,2025-04-20,85,85,785.413725882353
1320994692912931266,1087.4173387096773,865.0,2025-01-06,2025-04-20,248,99,1087.4173387096773
1320995339425720277,742.5435648514851,672.0,2025-01-12,2025-04-20,202,87,742.5435648514851
1321022086036905023,899.7364675213676,858.0,2025-01-13,2025-04-20,234,91,899.7364675213676
1321134786322096510,724.5619158878504,634.0,2025-01-23,2025-04-20,214,88,724.5619158878504
1329787295308110610,935.0,935.0,2025-02-09,2025-04-20,71,71,935.0
1333504785474035960,588.6463414634146,616.0,2025-01-29,2025-04-20,82,82,588.6463414634146
13522176,2397.796875,2300.0,2025-02-10,2025-04-06,32,32,2397.796875
14872547,613.26953125,690.75,2025-01-27,2025-03-31,64,64,613.26953125
14884678,577.887323943662,595.0,2025-03-10,2025-04-20,71,42,577.887323943662
15024197,800.0,800.0,2025-01-30,2025-02-16,18,18,800.0
15500038,508.6462341346154,428.2,2025-01-15,2025-04-20,208,88,508.6462341346154
15523493,671.5625,800.0,2025-01-27,2025-04-15,148,58,671.5625
15549803,775.5673076923077,490.0,2025-01-13,2025-04-19,104,45,775.5673076923077
15732070,769.668333,766.5,2025-01-28,2025-03-31,100,63,769.668333
15754075,682.1801783783784,600.0,2025-01-28,2025-03-31,111,37,682.1801783783784
15791567,580.0,550.0,2025-02-16,2025-04-07,35,35,580.0
15909831,752.6269846560847,790.0,2025-02-02,2025-04-20,189,78,752.6269846560847
15934309,806.0862068965517,790.0,2025-02-10,2025-04-20,174,70,806.0862068965517
15980018,400.0,400.0,2025-03-30,2025-04-20,39,22,400.0
15980108,1500.0,1500.0,2025-02-09,2025-04-07,39,39,1500.0
16017693,867.3321000000001,910.0,2025-01-26,2025-03-31,108,36,867.3321000000001
16105751,273.2916666666667,250.0,2025-01-29,2025-04-17,72,31,273.2916666666667
16177778,757.701724137931,810.0,2025-01-19,2025-04-20,232,92,757.701724137931
16253828,1605.1979166666667,1610.6666,2025-01-29,2025-04-19,192,73,1605.1979166666667
16270332,896.2962962962963,900.0,2025-01-16,2025-03-10,54,54,896.2962962962963
16321793,530.9430051813472,450.0,2025-01-18,2025-04-20,193,74,530.9430051813472
16350860,603.9346153846154,653.0,2025-02-03,2025-04-20,65,65,603.9346153846154
16451544,500.0,500.0,2025-03-05,2025-04-20,66,31,500.0
16527828,1055.7931034482758,1050.0,2025-01-24,2025-04-20,87,87,1055.7931034482758
16570256,497.8892123404255,523.0,2025-02-09,2025-04-06,47,47,497.8892123404255
16586622,636.817373939394,600.0,2025-01-31,2025-04-20,165,80,636.817373939394
16618715,791.5941860465116,790.0,2025-01-09,2025-04-20,215,88,791.5941860465116
16644316,818.2388059701492,770.0,2025-01-06,2025-04-06,67,67,818.2388059701492
16662563,1728.0,1728.0,2025-01-29,2025-03-31,186,62,1728.0
16730935,250.0,250.0,2025-01-21,2025-04-19,89,89,250.0
16992951,644.9651162790698,500.0,2025-01-21,2025-04-20,172,71,644.9651162790698
17013106,1770.3389830508474,1500.0,2025-01-14,2025-04-06,59,59,1770.3389830508474
17034886,832.75,446.0,2025-01-06,2025-04-06,46,46,832.75
17294276,992.68889,850.0,2025-01-30,2025-04-20,90,47,992.68889
17511306,1007.8548387096774,1100.0,2025-01-24,2025-04-06,62,62,1007.8548387096774
17570590,1560.2456140350878,1574.0,2025-01-12,2025-04-20,114,68,1560.2456140350878
18395333,611.8915662650602,600.0,2025-02-09,2025-04-17,166,64,611.8915662650602
18505349,634.5076923076923,650.0,2025-03-15,2025-04-13,65,30,634.5076923076923
18506998,373.4878048780488,350.0,2025-03-04,2025-04-16,41,20,373.4878048780488
18735821,250.61363636363637,250.0,2025-02-10,2025-04-06,44,44,250.61363636363637
1977915,864.3805037735849,850.0,2025-02-13,2025-04-20,159,67,864.3805037735849
20555680,200.0,200.0,2025-04-01,2025-04-19,19,19,200.0
20618105,649.4862763779528,634.3333,2025-01-13,2025-03-06,127,44,649.486276377953
20863370,507.93055555555554,500.0,2025-03-19,2025-04-13,18,18,507.93055555555554
20943549,425.261874875,400.0,2025-01-25,2025-04-20,160,65,425.261874875
21025393,740.7201641975308,750.0,2025-02-15,2025-04-20,81,36,740.7201641975308
21077682,791.90909,670.3333,2025-01-09,2025-04-07,110,57,791.90909
21091876,767.8160173160173,700.0,2025-01-08,2025-04-20,231,91,767.8160173160173
21103486,357.3311225595238,350.0,2025-01-22,2025-04-20,168,66,357.3311225595238
21103807,1081.6901408450703,1450.0,2025-01-27,2025-04-07,71,71,1081.6901408450703
21280090,825.9509493670886,850.0,2025-01-16,2025-04-20,158,64,825.9509493670886
21295667,679.2234837878788,517.0,2025-02-27,2025-04-20,132,53,679.2234837878788
21324331,797.9677419354839,802.0,2025-02-05,2025-03-24,93,34,797.9677419354839
21397811,710.9806302702702,600.0,2025-01-27,2025-04-16,185,68,710.9806302702702
21436592,528.8059701492538,490.0,2025-01-12,2025-03-31,67,67,528.8059701492538
21454457,211.6551724137931,172.0,2025-02-19,2025-04-20,29,15,211.6551724137931
21545686,321.54055555555556,269.0,2025-02-03,2025-04-20,180,72,321.54055555555556
21552865,739.964705882353,750.0,2025-01-16,2025-03-05,85,29,739.964705882353
21607605,779.0921978723404,650.0,2025-01-25,2025-04-17,47,47,779.0921978723404
21632405,505.2117655462185,408.0,2025-01-29,2025-04-16,119,53,505.2117655462185
21662762,317.9222222222222,300.0,2025-01-30,2025-04-17,90,36,317.9222222222222
21695053,757.6960093896714,720.0,2025-01-22,2025-04-20,213,82,757.6960093896714
21734892,792.4940476190476,800.0,2025-02-12,2025-04-20,168,68,792.4940476190476
21743476,692.08295,650.0,2025-02-10,2025-04-06,56,56,692.08295
21780661,478.25396825396825,600.0,2025-01-28,2025-04-06,63,63,478.25396825396825
22047595,700.8376901960784,620.0,2025-02-08,2025-04-20,153,60,700.8376901960784
22190101,277.5527778378378,250.0,2025-02-24,2025-04-20,111,46,277.5527778378378
22191680,460.52884615384613,400.0,2025-01-25,2025-04-17,208,80,460.52884615384613
22223346,592.25,590.0,2025-02-23,2025-04-06,28,28,592.25
22231120,334.46041675000004,341.0,2025-01-31,2025-04-20,80,80,334.46041675000004
22243318,550.6666666666666,580.0,2025-02-02,2025-04-20,111,52,550.6666666666666
22245880,1334.3490235294119,1220.5,2025-01-25,2025-04-20,170,72,1334.3490235294119
22306996,216.5238092857143,250.0,2025-03-22,2025-04-20,56,30,216.5238092857143
22307401,405.18518518518516,400.0,2025-02-24,2025-04-06,27,27,405.18518518518516
22335276,713.114428358209,800.0,2025-01-22,2025-04-05,67,67,713.114428358209
22383070,321.29583349999996,250.0,2025-01-27,2025-04-20,40,40,321.2958335
22421016,806.1358037037038,800.0,2025-02-15,2025-02-23,27,9,806.1358037037038
22421421,434.98854961832063,347.0,2025-01-14,2025-04-20,131,56,434.98854961832063
22421606,440.8,361.0,2025-01-12,2025-04-17,120,47,440.8
22428497,299.0,299.0,2025-02-03,2025-04-06,40,40,299.0
22514231,400.0,300.0,2025-01-10,2025-04-06,36,36,400.0
22648075,396.66153846153844,348.0,2025-02-02,2025-04-16,65,65,396.66153846153844
22739656,1243.655617679558,1280.0,2025-01-24,2025-04-20,181,74,1243.655617679558
22810332,480.0464285714286,480.0,2025-02-15,2025-04-20,168,65,480.0464285714286
22901902,721.0091042016807,700.0,2025-01-19,2025-04-20,238,92,721.0091042016807
23023313,549.1101694915254,650.0,2025-01-22,2025-04-19,177,68,549.1101694915254
23068512,636.9473684210526,700.0,2025-01-13,2025-02-27,19,19,636.9473684210526
23078040,774.074074074074,800.0,2025-02-09,2025-04-19,54,54,774.074074074074
23108026,679.3243243243244,590.0,2025-01-07,2025-04-06,74,74,679.3243243243244
23263225,286.40909090909093,283.0,2025-01-24,2025-02-03,11,11,286.40909090909093
23299596,612.4444444444445,553.0,2025-01-15,2025-03-28,36,36,612.4444444444445
23343001,568.4976303317535,600.0,2025-01-20,2025-03-31,211,71,568.4976303317535
23390752,1377.2948717948718,1350.0,2025-01-20,2025-04-07,78,78,1377.2948717948718
23779860,406.25,300.0,2025-01-25,2025-04-17,32,32,406.25
23787711,400.0,400.0,2025-01-06,2025-04-05,90,90,400.0
24171739,451.6607142857143,416.0,2025-03-01,2025-04-16,56,31,451.6607142857143
25104649,714.9017857142857,890.0,2025-01-06,2025-04-07,112,57,714.9017857142857
25165914,617.3081896551724,700.0,2025-01-08,2025-04-20,232,87,617.3081896551724
25918412,429.68489578125,390.0,2025-02-03,2025-04-07,64,64,429.68489578125
26026295,451.4513888888889,390.0,2025-01-21,2025-04-11,72,27,451.4513888888889
26197944,473.1613924050633,450.0,2025-02-05,2025-04-20,158,75,473.1613924050633
26334990,1219.8892477419356,1200.0,2025-01-31,2025-04-20,155,67,1219.8892477419356
26570136,702.0586803030303,745.83335,2025-01-16,2025-04-20,198,82,702.0586803030303
26708551,559.5928565714286,478.0,2025-01-14,2025-04-20,175,72,559.5928565714286
26839303,762.5758395348837,800.0,2025-01-24,2025-04-17,129,52,762.5758395348837
26895628,966.360824742268,850.0,2025-02-13,2025-04-16,97,40,966.360824742268
26898492,373.6842105263158,350.0,2025-02-13,2025-04-07,38,38,373.6842105263158
27022969,1726.4677773333333,1808.0,2025-01-08,2025-03-08,150,60,1726.4677773333333
27201205,697.6355546666666,605.0,2025-01-23,2025-04-16,75,37,697.6355546666666
27338096,1383.6067415730338,1350.0,2025-01-08,2025-04-06,89,89,1383.6067415730338
27704027,751.8098481818182,800.0,2025-01-27,2025-04-20,220,84,751.8098481818182
27718978,530.7317073170732,500.0,2025-03-09,2025-04-17,41,24,530.7317073170732
27910707,1557.274074074074,1680.0,2025-01-14,2025-04-06,81,81,1557.274074074074
27981528,555.8431034482759,500.0,2025-01-15,2025-04-20,145,61,555.8431034482759
28071688,680.996664,550.0,2025-02-28,2025-04-19,100,41,680.996664
28075525,446.3397435897436,400.0,2025-02-26,2025-04-19,78,36,446.3397435897436
28155872,400.0,400.0,2025-03-13,2025-04-06,25,25,400.0
28160414,612.328947368421,498.0,2025-02-19,2025-04-20,152,61,612.328947368421
28366360,837.0135135135135,1000.0,2025-01-10,2025-04-20,185,67,837.0135135135135
28410850,515.0688702479339,494.0,2025-01-26,2025-04-19,121,76,515.0688702479339
28429135,433.16878285714284,330.8,2025-02-17,2025-04-20,63,63,433.16878285714284
28932247,495.75252525252523,450.0,2025-02-04,2025-04-07,99,50,495.75252525252523
28987242,646.2340425531914,507.0,2025-03-01,2025-04-16,47,28,646.2340425531914
29008738,573.5882352941177,494.0,2025-01-15,2025-04-17,136,56,573.5882352941177
29114516,364.5740740740741,400.0,2025-02-17,2025-04-20,81,36,364.5740740740741
29145061,439.5571428571429,500.0,2025-01-08,2025-04-05,56,56,439.5571428571428
29302246,394.7241379310345,400.0,2025-01-22,2025-04-06,58,58,394.7241379310345
29341170,408.7826086956522,349.0,2025-01-29,2025-03-31,46,46,408.7826086956522
2951220,789.6676470588235,670.0,2025-01-26,2025-04-20,85,85,789.6676470588235
29739100,724.177011724138,720.0,2025-01-22,2025-04-20,145,89,724.177011724138
29761442,512.875,380.0,2025-02-09,2025-03-14,28,11,512.875
29800671,615.8783459854014,596.0,2025-01-21,2025-04-20,137,75,615.8783459854014
29870406,818.7767587155963,980.0,2025-01-09,2025-04-16,218,86,818.7767587155963
30032994,428.6111111111111,395.0,2025-01-17,2025-04-06,144,57,428.6111111111111
30085847,541.6046514418605,490.0,2025-01-07,2025-04-20,215,86,541.6046514418604
30098696,249.0,249.0,2025-01-23,2025-02-01,10,10,249.0
30105402,802.254820661157,900.0,2025-01-20,2025-04-20,242,91,802.254820661157
30153564,423.4583331746032,425.5,2025-02-03,2025-04-20,126,55,423.4583331746032
30209117,470.35714285714283,450.0,2025-01-21,2025-03-31,42,42,470.35714285714283
30271062,534.4868421052631,583.0,2025-01-22,2025-04-07,76,76,534.4868421052631
30332330,373.975419352518,350.0,2025-01-27,2025-04-16,139,56,373.975419352518
30354217,347.5740740740741,320.0,2025-01-18,2025-04-07,27,27,347.5740740740741
30402651,591.814705882353,550.0,2025-01-07,2025-03-31,170,63,591.814705882353
30491733,800.9721841379311,799.4,2025-01-27,2025-04-20,145,63,800.972184137931
30493854,497.36842105263156,450.0,2025-02-19,2025-03-31,114,41,497.36842105263156
30494198,470.85167464114835,520.0,2025-01-06,2025-04-19,209,89,470.85167464114835
30519162,3900.0,3900.0,2025-01-07,2025-04-07,91,91,3900.0
30560948,881.8909528571429,700.0,2025-01-14,2025-04-20,210,85,881.8909528571428
30617740,556.4929577464789,500.0,2025-02-09,2025-04-20,71,71,556.4929577464789
30756202,564.8377197368421,550.0,2025-01-11,2025-04-06,76,76,564.8377197368421
30785010,524.8525179856115,430.0,2025-01-10,2025-04-20,139,58,524.8525179856115
30795921,1500.0,1500.0,2025-03-16,2025-04-06,22,22,1500.0
30910938,473.8273381294964,450.0,2025-02-15,2025-04-20,139,56,473.8273381294964
30922946,199.6056338028169,150.0,2025-01-12,2025-04-06,71,71,199.6056338028169
31055581,416.99375,415.0,2025-01-23,2025-04-20,160,69,416.99375
31059537,837.8356466666665,830.25,2025-01-11,2025-04-16,180,78,837.8356466666665
31069380,783.4344262295082,809.0,2025-01-14,2025-03-09,61,21,783.4344262295082
31084342,814.1509433962265,800.0,2025-01-13,2025-04-07,53,53,814.1509433962265
31115702,339.07608695652175,300.0,2025-02-02,2025-04-07,46,46,339.07608695652175
31122806,564.0,500.0,2025-01-07,2025-01-31,25,25,564.0
31141252,402.63157894736844,300.0,2025-02-17,2025-04-07,38,38,402.63157894736844
31167122,10000.0,10000.0,2025-01-13,2025-04-07,85,85,10000.0
31169655,404.71923076923076,375.0,2025-01-30,2025-04-20,65,65,404.71923076923076
31278015,504.2857142857143,430.0,2025-02-24,2025-04-20,56,56,504.2857142857143
31284638,932.0689655172414,990.0,2025-01-31,2025-04-19,87,40,932.0689655172414
31380471,890.7798387096774,800.0,2025-01-16,2025-04-20,186,78,890.7798387096774
31397917,2173.3333333333335,250.0,2025-01-30,2025-03-18,15,15,2173.3333333333335
31430342,463.9830508474576,450.0,2025-02-08,2025-04-07,59,59,463.9830508474576
31441134,1514.7666666666667,1500.0,2025-01-07,2025-04-19,180,103,1514.7666666666667
31454750,544.4661016949152,479.0,2025-01-20,2025-04-05,59,59,544.4661016949152
31511990,483.43023255813955,500.0,2025-01-25,2025-04-20,86,86,483.43023255813955
31530689,707.6032863849765,700.0,2025-01-17,2025-04-20,213,90,707.6032863849765
31543199,772.5166666666667,700.0,2025-02-27,2025-04-20,105,44,772.5166666666667
31560419,421.22222222222223,449.0,2025-02-04,2025-04-19,108,47,421.22222222222223
31682871,320.59999983333336,290.0,2025-01-30,2025-03-31,120,41,320.59999983333336
31859744,506.83673469387753,500.0,2025-02-03,2025-04-20,196,77,506.83673469387753
31945494,575.6151509090909,630.0,2025-02-03,2025-04-17,165,70,575.6151509090909
31972121,344.06779661016947,350.0,2025-01-30,2025-04-06,59,59,344.06779661016947
32134287,652.1904761904761,750.0,2025-01-07,2025-04-07,84,84,652.1904761904761
32185033,1263.9423076923076,1300.0,2025-01-25,2025-04-14,104,41,1263.9423076923076
32234626,402.36842105263156,380.0,2025-02-03,2025-04-06,38,38,402.36842105263156
32371924,517.3055555555555,488.0,2025-01-25,2025-04-19,72,33,517.3055555555555
32443120,512.3974353846154,529.0,2025-02-25,2025-03-09,13,13,512.3974353846154
32486859,911.2829457364342,899.0,2025-01-10,2025-04-16,129,51,911.2829457364342
32585103,449.6962962962963,600.0,2025-01-28,2025-04-15,135,57,449.6962962962963
32592683,1149.5551181102362,1000.0,2025-01-22,2025-04-20,127,56,1149.5551181102362
32600458,590.5906664,511.1111,2025-01-19,2025-04-16,125,53,590.5906664
32606991,577.372340212766,550.83335,2025-01-24,2025-04-20,188,77,577.372340212766
3263701,1533.3333333333333,1650.0,2025-02-08,2025-04-10,48,26,1533.3333333333333
32697747,361.99803882352944,350.0,2025-01-29,2025-04-07,34,34,361.99803882352944
32766950,320.8333333333333,300.0,2025-01-21,2025-04-20,48,48,320.8333333333333
32990586,1008.7724360576923,1026.0,2025-01-26,2025-04-20,208,85,1008.7724360576923
33336758,454.379539009901,452.0,2025-02-12,2025-04-06,101,36,454.379539009901
34218930,760.988831292517,628.5,2025-01-27,2025-04-19,147,58,760.988831292517
34540951,605.4028571428571,558.0,2025-01-30,2025-04-20,175,70,605.4028571428571
34866449,485.58734939759034,400.0,2025-01-18,2025-04-20,166,74,485.58734939759034
35481220,754.5026611894274,700.0,2025-01-07,2025-03-31,227,84,754.5026611894274
35826155,590.0,590.0,2025-04-01,2025-04-20,20,20,590.0
35912580,327.8157894736842,350.0,2025-03-05,2025-04-20,38,38,327.8157894736842
35934720,500.0,500.0,2025-02-28,2025-03-09,10,10,500.0
36032020,598.8,550.0,2025-02-20,2025-04-15,50,25,598.8
36632832,576.9188481675393,450.0,2025-01-15,2025-04-20,191,74,576.9188481675393
36698654,1964.5949367088608,1900.0,2025-01-18,2025-04-06,79,79,1964.5949367088608
36908385,650.016129032258,455.0,2025-02-15,2025-03-31,62,27,650.016129032258
37118794,993.1920529801324,1000.0,2025-02-08,2025-04-20,151,62,993.1920529801324
37153670,386.8018867924528,400.0,2025-01-25,2025-04-19,53,53,386.8018867924528
37347085,492.7219917012448,492.0,2025-01-19,2025-04-20,241,90,492.7219917012448
37487828,467.359649122807,380.0,2025-01-15,2025-04-20,114,49,467.359649122807
37494985,890.382955,900.0,2025-01-16,2025-04-20,220,84,890.382955
37708447,791.24,700.0,2025-02-16,2025-04-20,100,44,791.24
37744392,720.9746835443038,680.0,2025-01-19,2025-04-07,79,79,720.9746835443038
37989675,418.4761904761905,400.0,2025-01-30,2025-04-20,63,63,418.4761904761905
38262480,1305.7692307692307,1200.0,2025-01-31,2025-02-26,78,27,1305.7692307692307
38319706,571.2604163461539,590.0,2025-01-13,2025-04-20,208,80,571.2604163461539
38447436,1048.0977443609022,1127.0,2025-01-10,2025-04-20,266,101,1048.0977443609022
38514587,868.5097842105263,874.625,2025-01-19,2025-04-20,247,92,868.5097842105263
38616586,371.54824526315787,367.0,2025-02-23,2025-04-06,38,38,371.54824526315787
38638326,665.3287045454546,675.0,2025-01-24,2025-04-20,198,80,665.3287045454546
38693604,596.4285714285714,650.0,2025-01-21,2025-04-20,168,85,596.4285714285714
38695314,629.8933333333333,600.0,2025-01-12,2025-04-20,150,62,629.8933333333333
38730549,807.6088088082902,767.0,2025-01-19,2025-04-20,193,78,807.6088088082902
38800430,443.6625,415.0,2025-02-08,2025-04-07,80,34,443.6625
38852725,516.3962264150944,450.0,2025-01-26,2025-04-20,159,62,516.3962264150944
38899673,565.7662086956522,500.0,2025-01-23,2025-04-19,207,78,565.7662086956522
38957661,546.8852459016393,400.0,2025-01-22,2025-04-20,122,55,546.8852459016393
38980085,995.0176991150443,930.0,2025-01-13,2025-04-20,226,90,995.0176991150443
38998610,195.0,195.0,2025-01-22,2025-04-20,68,68,195.0
39007372,1101.19203187251,1100.0,2025-01-16,2025-04-20,251,95,1101.19203187251
39051477,1539.6935467741935,1500.0,2025-01-19,2025-04-20,248,92,1539.6935467741935
39059902,599.2564102564103,750.0,2025-01-10,2025-04-07,78,78,599.2564102564103
39109062,1499.9111097435896,1400.0,2025-01-29,2025-04-20,195,74,1499.9111097435896
39145712,811.4933333333333,662.0,2025-02-07,2025-03-24,75,31,811.4933333333333
39316910,684.0,790.0,2025-03-05,2025-04-20,15,15,684.0
39363955,406.18795346534654,370.0,2025-02-03,2025-04-20,101,57,406.1879534653465
39394196,353.80434782608694,350.0,2025-03-15,2025-04-06,23,23,353.80434782608694
39394644,763.5752203539822,800.0,2025-01-21,2025-04-20,226,90,763.5752203539822
39414948,583.7777777777778,520.0,2025-02-03,2025-04-17,162,61,583.7777777777778
39420557,799.2590909090909,800.0,2025-01-27,2025-03-09,99,33,799.2590909090909
39507664,428.29761904761904,429.0,2025-02-15,2025-04-16,84,39,428.29761904761904
39583346,592.8420868907563,700.0,2025-01-27,2025-04-19,119,50,592.8420868907563
39629644,433.64319267605634,350.0,2025-02-15,2025-04-01,71,27,433.64319267605634
39635217,415.13936170212764,385.0,2025-01-22,2025-04-20,47,23,415.1393617021277
39642773,370.6521739130435,400.0,2025-02-20,2025-04-06,46,46,370.6521739130435
39685785,540.040778816568,450.0,2025-02-07,2025-04-20,169,73,540.040778816568
39715668,233.03571428571428,230.0,2025-01-14,2025-04-19,154,65,233.03571428571428
39745810,2352.5782516853933,2250.0,2025-01-22,2025-04-20,89,89,2352.5782516853933
3977675,242.7121210909091,198.0,2025-01-25,2025-03-31,55,55,242.71212109090908
39820601,345.0,345.0,2025-03-05,2025-04-06,33,33,345.0
39837626,461.95652173913044,430.0,2025-03-04,2025-03-31,23,23,461.95652173913044
39972515,341.34066666666666,323.0,2025-02-08,2025-04-20,150,59,341.34066666666666
40023421,479.1438053097345,500.0,2025-01-12,2025-04-20,226,99,479.1438053097345
40039627,337.2908577669903,323.0,2025-01-07,2025-04-20,206,84,337.2908577669903
40191152,1999.7543855263157,2500.0,2025-01-22,2025-04-07,76,76,1999.7543855263157
40209404,347.0298913043478,311.0,2025-01-14,2025-04-20,184,73,347.0298913043478
40236441,237.25531914893617,193.0,2025-01-14,2025-03-31,47,47,237.25531914893617
40246675,357.18095238095236,350.0,2025-02-25,2025-04-20,105,44,357.18095238095236
40250642,983.4350563380281,900.0,2025-01-18,2025-03-31,213,73,983.4350563380281
40289385,2586.3951612903224,2500.0,2025-02-01,2025-04-20,62,62,2586.3951612903224
40320100,783.2199986666667,760.8333,2025-02-03,2025-04-19,75,75,783.2199986666666
40342798,656.1111111111111,700.0,2025-01-30,2025-04-20,216,81,656.1111111111111
40351988,364.72340425531917,333.0,2025-02-15,2025-04-14,141,52,364.72340425531917
40371384,597.9007762711864,601.0,2025-01-06,2025-04-20,236,91,597.9007762711864
40391575,10000.0,10000.0,2025-04-14,2025-04-20,7,7,10000.0
40400432,586.53125,500.0,2025-01-11,2025-04-07,64,64,586.53125
40449599,590.4106145251396,537.0,2025-01-28,2025-04-20,179,72,590.4106145251396
40532740,309.625,330.0,2025-02-23,2025-04-16,40,40,309.625
40560834,718.397492920354,736.0,2025-01-16,2025-04-20,226,90,718.397492920354
40576710,541.5254237288135,500.0,2025-01-22,2025-04-17,59,59,541.5254237288135
40777141,1545.2727272727273,1508.0,2025-01-29,2025-02-27,22,9,1545.2727272727273
40794806,700.0096153846154,709.0,2025-01-13,2025-03-05,52,52,700.0096153846154
40892344,424.39054054054054,419.0,2025-01-27,2025-04-20,148,60,424.39054054054054
40899047,297.4864864864865,290.0,2025-02-24,2025-04-07,37,37,297.4864864864865
40910065,604.7113636363637,650.0,2025-01-22,2025-04-19,88,88,604.7113636363637
40960741,288.04,275.0,2025-01-17,2025-04-06,75,75,288.04
40971559,751.4883720930233,800.0,2025-01-29,2025-03-12,86,34,751.4883720930233
41141790,729.1695652173912,723.0,2025-01-31,2025-03-10,69,39,729.1695652173913
41147466,537.8225314814815,540.0,2025-03-07,2025-04-20,108,45,537.8225314814815
41193865,410.9046052631579,400.0,2025-01-15,2025-04-20,152,74,410.9046052631579
41227471,685.1521739130435,610.0,2025-01-11,2025-04-20,207,81,685.1521739130435
41260111,1833.6403688073394,1763.0,2025-01-12,2025-04-20,218,85,1833.6403688073394
41270247,603.421985106383,600.0,2025-02-22,2025-04-20,47,27,603.421985106383
41285546,647.6923076923077,850.0,2025-01-12,2025-04-19,234,91,647.6923076923077
41404141,703.0533333333334,690.0,2025-02-12,2025-04-20,165,68,703.0533333333334
41473656,724.3479896551725,700.0,2025-03-10,2025-04-12,58,23,724.3479896551723
41478160,488.51724137931035,400.0,2025-01-27,2025-03-05,29,29,488.51724137931035
41493620,763.371187890625,750.0,2025-01-13,2025-04-20,256,98,763.3711878906249
41532894,861.2321850574713,950.0,2025-01-22,2025-04-11,174,61,861.2321850574715
41533462,620.4507042253521,750.0,2025-01-12,2025-04-07,71,71,620.4507042253521
41590719,420.3419540229885,400.0,2025-01-14,2025-04-20,174,73,420.3419540229885
41634696,502.6666666666667,500.0,2025-01-07,2025-04-06,84,84,502.6666666666667
41664387,180.64444444444445,180.0,2025-01-28,2025-04-07,45,45,180.64444444444445
41676390,607.9814810699588,600.0,2025-01-21,2025-04-20,243,90,607.9814810699588
41682475,469.7674418604651,400.0,2025-01-27,2025-04-20,43,43,469.7674418604651
41686810,95.42372881355932,100.0,2025-02-13,2025-04-20,59,59,95.42372881355932
41702158,1286.1386138613861,1200.0,2025-02-08,2025-04-17,101,46,1286.1386138613861
41761142,395.1862745098039,277.0,2025-01-16,2025-04-17,102,43,395.1862745098039
41762297,1664.3,1651.25,2025-01-14,2025-04-19,160,96,1664.3
41769298,1096.321052631579,1100.0,2025-01-07,2025-03-31,190,71,1096.321052631579
41786765,250.0,250.0,2025-03-29,2025-04-10,13,13,250.0
41883230,535.4716981132076,470.0,2025-02-04,2025-04-20,53,53,535.4716981132076
41888100,552.9491448717949,531.0,2025-01-29,2025-04-16,78,78,552.9491448717948
42003334,655.0651145348837,500.0,2025-01-30,2025-04-16,172,65,655.0651145348837
42013117,569.0064076923077,590.0,2025-01-29,2025-03-12,26,26,569.0064076923077
42138941,1182.608695652174,1200.0,2025-01-27,2025-04-05,69,69,1182.608695652174
42180312,194.86666666666667,200.0,2025-01-27,2025-04-07,60,60,194.86666666666667
42270655,517.2512872972973,490.0,2025-02-02,2025-04-16,74,74,517.2512872972973
42335961,612.3823529411765,500.0,2025-01-08,2025-04-17,204,85,612.3823529411765
42362925,1104.5186170212767,999.0,2025-01-07,2025-04-17,188,70,1104.5186170212767
42515348,840.4761904761905,900.0,2025-02-18,2025-04-07,63,32,840.4761904761905
42588365,427.79402509433964,390.0,2025-03-07,2025-04-18,106,43,427.79402509433964
42625075,1072.702302631579,1000.0,2025-01-06,2025-04-20,152,61,1072.702302631579
42704327,1290.8878053658536,1394.0,2025-01-16,2025-04-20,205,84,1290.8878053658536
42709234,695.8037829787235,420.0,2025-01-14,2025-04-20,141,97,695.8037829787235
42735835,249.0,200.0,2025-01-28,2025-04-06,33,11,249.0
42788291,632.5925925925926,700.0,2025-01-28,2025-04-02,54,54,632.5925925925926
42841323,484.92452830188677,500.0,2025-01-20,2025-04-08,53,23,484.92452830188677
43300431,2417.0454545454545,2500.0,2025-01-09,2025-04-06,88,88,2417.0454545454545
43379132,440.3207547169811,390.0,2025-01-29,2025-04-16,53,26,440.3207547169811
43499385,595.5942028985507,585.0,2025-01-28,2025-04-20,69,69,595.5942028985507
43712530,667.6666666666666,701.0,2025-02-08,2025-02-28,63,21,667.6666666666666
43754654,906.1732456140351,897.0,2025-01-23,2025-04-19,228,87,906.1732456140351
44075219,2541.134090909091,2591.6191,2025-01-10,2025-01-23,22,14,2541.134090909091
44153810,188.375,199.0,2025-03-04,2025-04-20,48,48,188.375
44192417,339.7692307692308,310.0,2025-01-14,2025-04-07,39,39,339.7692307692308
44369632,723.0,705.0,2025-01-15,2025-02-17,15,12,723.0
44425260,496.6181818181819,450.0,2025-01-31,2025-04-20,66,66,496.6181818181819
44890294,1000.0,1000.0,2025-02-10,2025-02-11,2,2,1000.0
44895797,703.9130434782609,705.0,2025-01-27,2025-02-18,23,13,703.9130434782609
45002455,432.5438596491228,250.0,2025-02-27,2025-04-17,57,26,432.5438596491228
45184991,648.0,648.0,2025-01-29,2025-03-31,62,62,648.0
45350304,729.5034482758621,450.0,2025-02-01,2025-04-20,145,79,729.5034482758621
45382246,648.5394736842105,850.0,2025-01-31,2025-04-02,38,38,648.5394736842105
45480718,343.5925925925926,450.0,2025-02-10,2025-04-20,27,12,343.5925925925926
45512442,676.2868852459017,790.0,2025-01-10,2025-04-07,61,61,676.2868852459017
45513430,782.9213483146067,780.0,2025-01-22,2025-04-20,89,89,782.9213483146067
45531969,648.3824175824176,650.0,2025-02-16,2025-04-20,91,53,648.3824175824176
45621607,348.5290706989247,350.0,2025-02-01,2025-04-20,186,71,348.5290706989247
45687710,419.45569620253167,350.0,2025-02-01,2025-04-20,79,79,419.45569620253167
45711835,890.625,900.0,2025-02-05,2025-02-23,16,13,890.625
45726200,1491.4364406779662,1590.0,2025-01-11,2025-04-20,118,45,1491.4364406779662
45768161,696.6404761904762,850.0,2025-01-09,2025-04-20,210,83,696.6404761904762
45780750,850.0,850.0,2025-04-08,2025-04-19,12,12,850.0
45803876,531.8184523809524,450.0,2025-01-20,2025-04-20,168,78,531.8184523809524
45822839,455.3551912568306,390.0,2025-01-13,2025-04-20,183,78,455.3551912568306
45889892,624.5264900662252,595.0,2025-01-13,2025-04-20,151,60,624.5264900662252
45911573,1017.1358024691358,1100.0,2025-01-20,2025-03-10,81,35,1017.1358024691358
45911990,661.1181781818182,560.0,2025-01-27,2025-03-31,55,26,661.1181781818182
45923984,344.44202898550725,300.0,2025-02-16,2025-04-17,69,28,344.44202898550725
45973790,652.130632046332,657.0,2025-01-06,2025-04-20,259,101,652.1306320463322
46011731,607.3809523809524,590.0,2025-02-12,2025-04-06,21,21,607.3809523809524
46036384,341.0257352941176,330.0,2025-01-23,2025-04-20,136,58,341.0257352941176
46048925,975.5770623893806,910.0,2025-01-13,2025-04-20,226,91,975.5770623893806
46048941,371.8235294117647,400.0,2025-02-11,2025-04-06,34,34,371.8235294117647
46072703,746.7916666666666,584.0,2025-02-10,2025-04-16,108,45,746.7916666666666
46088002,648.0,648.0,2025-01-28,2025-03-31,159,58,648.0
46116173,415.9347826086956,300.0,2025-02-25,2025-04-20,69,31,415.9347826086956
46220279,680.4665024630542,697.0,2025-01-27,2025-04-16,203,80,680.4665024630542
46222390,483.32876712328766,500.0,2025-01-30,2025-04-19,73,73,483.32876712328766
46298558,588.592,490.0,2025-01-30,2025-04-20,125,54,588.592
46327705,1014.2027783333334,950.0,2025-02-16,2025-03-27,120,40,1014.2027783333334
46372862,425.2925675675676,518.0,2025-01-24,2025-04-07,74,74,425.2925675675676
46451253,595.7983870967741,440.0,2025-01-24,2025-04-20,186,71,595.7983870967741
46530405,1048.6708702702704,984.0,2025-01-24,2025-04-20,222,83,1048.6708702702701
46550767,757.9468085106383,800.0,2025-01-28,2025-03-31,141,47,757.9468085106383
46598066,1052.6912442396313,1000.0,2025-01-26,2025-04-20,217,85,1052.6912442396313
46604700,350.73754781609193,350.0,2025-01-22,2025-04-20,87,87,350.73754781609193
46678933,760.2484472049689,750.0,2025-01-14,2025-04-20,161,97,760.2484472049689
46690986,1315.2637362637363,1299.0,2025-01-06,2025-04-06,91,91,1315.2637362637363
46704215,583.6955909090909,580.0,2025-02-03,2025-02-13,11,11,583.6955909090909
46710652,595.7307692307693,550.0,2025-01-26,2025-04-20,182,71,595.7307692307693
46724379,474.3774512605042,481.0,2025-01-10,2025-04-19,238,100,474.3774512605042
46755580,300.0,300.0,2025-02-02,2025-03-31,58,58,300.0
46769078,906.97165907173,988.0,2025-01-07,2025-04-19,237,93,906.97165907173
46866680,504.5903614457831,450.0,2025-01-12,2025-04-20,166,67,504.5903614457831
46878566,507.6,500.0,2025-01-29,2025-04-19,210,81,507.6
46896012,632.6616438356165,550.0,2025-02-15,2025-04-20,146,65,632.6616438356164
46936020,398.24074074074076,380.0,2025-01-25,2025-03-31,54,54,398.24074074074076
46990438,531.5413793103448,600.0,2025-01-31,2025-03-31,174,60,531.5413793103448
47000276,630.6464646464647,500.0,2025-02-16,2025-04-20,99,42,630.6464646464647
47006355,704.437037037037,592.0,2025-01-25,2025-04-06,135,49,704.437037037037
47052262,429.202291875,399.0,2025-01-24,2025-04-20,160,69,429.202291875
47089646,526.0039215686274,472.0,2025-02-15,2025-04-06,51,51,526.0039215686274
47172145,623.4198889502762,700.0,2025-01-13,2025-04-19,181,74,623.4198889502762
47213093,290.5,290.5,2025-02-17,2025-03-31,66,22,290.5
47222306,199.68085106382978,175.0,2025-01-27,2025-04-06,47,47,199.68085106382978
47232230,934.2765957446809,903.0,2025-02-12,2025-02-27,47,16,934.2765957446809
47254288,504.97687861271675,450.0,2025-02-08,2025-04-20,173,72,504.97687861271675
47260862,513.952380952381,450.0,2025-01-29,2025-04-20,105,44,513.952380952381
47269826,670.8520833333333,702.0,2025-02-17,2025-02-28,36,12,670.8520833333333
47325492,666.9348066371681,630.2857,2025-01-22,2025-04-20,226,89,666.9348066371681
47326216,1141.5223214285713,1100.0,2025-01-18,2025-04-20,224,87,1141.5223214285713
47402735,462.0257575757576,399.0,2025-01-25,2025-04-20,66,66,462.02575757575755
47421617,404.18981499999995,370.0,2025-02-24,2025-03-31,36,36,404.189815
47543180,237.82894736842104,250.0,2025-02-20,2025-04-20,38,38,237.82894736842104
47558531,783.0381753138075,895.2,2025-01-21,2025-04-20,239,90,783.0381753138075
47783121,458.4162568852459,450.0,2025-02-10,2025-04-20,122,52,458.41625688524584
47802450,209.9655172413793,210.0,2025-02-25,2025-04-09,29,29,209.9655172413793
47816646,528.2465753424658,590.0,2025-01-12,2025-04-06,73,73,528.2465753424658
47891397,514.9623020138889,548.7857,2025-01-13,2025-04-20,144,81,514.9623020138889
47909482,920.4424482758621,1000.0,2025-01-15,2025-04-17,174,67,920.4424482758621
48080102,482.3478260869565,450.0,2025-02-23,2025-04-16,92,45,482.3478260869565
48109229,549.0542635658915,480.0,2025-02-07,2025-04-20,129,73,549.0542635658915
48158176,380.1388888095238,390.0,2025-02-05,2025-04-20,84,33,380.1388888095238
48243472,1369.8360225806452,1414.3125,2025-01-12,2025-03-31,124,60,1369.8360225806452
48254075,490.5686274509804,509.0,2025-01-29,2025-02-28,51,20,490.5686274509804
48526011,556.6820507692307,500.0,2025-01-18,2025-04-05,65,65,556.6820507692307
48624860,350.0,250.0,2025-01-10,2025-04-17,29,18,350.0
48699117,452.39406779661016,380.0,2025-01-12,2025-04-15,118,48,452.39406779661016
48848529,1088.4155844155844,1000.0,2025-01-16,2025-04-17,231,87,1088.4155844155844
48941838,410.51724137931035,370.0,2025-02-08,2025-04-15,116,46,410.51724137931035
49050392,741.304347826087,700.0,2025-02-09,2025-03-31,138,46,741.304347826087
49123621,770.3783185840708,900.0,2025-01-06,2025-04-19,226,90,770.3783185840708
49369605,238.34126976190475,230.0,2025-02-25,2025-04-07,42,21,238.34126976190475
49824103,458.4962264150943,440.0,2025-02-24,2025-04-20,106,47,458.4962264150944
49968308,717.0204081632653,700.0,2025-01-26,2025-03-31,49,26,717.0204081632653
50047341,340.41610378378374,300.0,2025-02-17,2025-04-20,74,36,340.4161037837838
50059423,521.5606068181819,500.0,2025-02-15,2025-04-16,88,40,521.5606068181819
50085393,640.4761904761905,650.0,2025-01-28,2025-02-27,42,21,640.4761904761905
50243281,513.6,467.0,2025-01-27,2025-04-06,35,35,513.6
50535771,630.6818181818181,650.0,2025-01-11,2025-04-06,44,44,630.6818181818181
50561328,886.25,700.0,2025-02-09,2025-03-07,20,13,886.25
50958684,1019.9251358288769,920.0,2025-01-12,2025-04-20,187,74,1019.9251358288772
51301217,523.5373134328358,399.0,2025-01-21,2025-04-07,67,67,523.5373134328358
51403736,165.8909090909091,160.0,2025-01-19,2025-04-06,55,55,165.8909090909091
51405106,894.0846153846154,1000.0,2025-02-01,2025-04-20,195,74,894.0846153846154
51453135,659.2433862433862,680.0,2025-01-12,2025-04-20,189,91,659.2433862433862
51507847,437.5,400.0,2025-02-19,2025-04-07,16,16,437.5
51669111,733.9916162601626,800.0,2025-01-08,2025-04-19,246,92,733.9916162601626
51683537,441.6506849315069,400.0,2025-02-23,2025-04-12,73,28,441.6506849315069
51785337,319.63806127659575,317.0,2025-02-12,2025-04-20,141,56,319.63806127659575
51825638,658.4461538461538,650.0,2025-01-27,2025-04-20,195,74,658.4461538461538
51861410,700.0,700.0,2025-01-30,2025-02-27,18,18,700.0
51866473,543.0496916666666,450.0,2025-02-18,2025-04-20,108,45,543.0496916666666
51983017,635.9827586206897,549.0,2025-02-26,2025-04-07,29,29,635.9827586206897
51990592,954.881665,959.125,2025-01-16,2025-04-07,60,60,954.8816650000001
52025452,442.8237173076923,400.0,2025-01-28,2025-04-07,52,52,442.8237173076923
52059007,922.6408023715414,1000.0,2025-01-06,2025-04-20,253,105,922.6408023715416
52172003,317.0,317.0,2025-03-10,2025-04-20,99,42,317.0
52214716,1555.8582908212559,1657.0,2025-01-18,2025-04-20,207,79,1555.8582908212559
52266549,661.4611111111111,700.0,2025-01-26,2025-04-20,180,77,661.4611111111111
52346232,763.9527027027027,890.0,2025-01-14,2025-04-16,148,59,763.9527027027027
52348108,553.4246575342465,400.0,2025-03-09,2025-04-20,73,43,553.4246575342465
52354467,584.009375,450.0,2025-02-01,2025-04-20,160,68,584.009375
52358821,690.8214285714286,600.0,2025-01-13,2025-04-06,84,84,690.8214285714286
52365560,324.53333333333336,300.0,2025-02-05,2025-04-20,75,75,324.53333333333336
52472131,701.1494252873563,600.0,2025-01-10,2025-04-06,87,87,701.1494252873563
52474050,780.0,780.0,2025-01-29,2025-04-19,22,22,780.0
52530322,480.521582733813,450.0,2025-01-08,2025-04-20,139,78,480.521582733813
52536443,390.2631578947368,400.0,2025-03-03,2025-04-20,38,26,390.2631578947368
525472560929976068,1055.7986115740741,1090.0,2025-01-09,2025-04-20,216,87,1055.7986115740741
52596621,1074.6828287878786,1186.6666,2025-01-07,2025-04-20,264,104,1074.6828287878786
52619006,507.4166677777778,480.0,2025-01-11,2025-04-19,144,58,507.4166677777778
52627650,356.9583333333333,350.0,2025-01-21,2025-02-01,12,12,356.9583333333333
52646204,987.4198830409356,899.0,2025-02-01,2025-04-20,171,66,987.4198830409356
52650644,680.8531746031746,600.0,2025-01-15,2025-04-20,126,75,680.8531746031746
52652931,437.0652173913044,390.0,2025-01-15,2025-04-06,46,46,437.0652173913044
52670832,475.470833,470.0,2025-04-04,2025-04-16,20,13,475.47083299999997
52758042,3019.4007490636704,3000.0,2025-01-08,2025-04-20,267,103,3019.4007490636704
52826190,321.6885963157895,300.0,2025-02-27,2025-04-20,38,38,321.6885963157894
52884842,1900.0,1900.0,2025-01-09,2025-04-07,89,89,1900.0
52969803,357.8333333333333,350.0,2025-01-22,2025-04-20,174,70,357.8333333333333
53008127,329.79411764705884,300.0,2025-01-19,2025-04-20,136,56,329.79411764705884
53077335,1000.0,1000.0,2025-04-09,2025-04-19,11,11,1000.0
53113087,553.0013241269842,650.0,2025-01-30,2025-04-20,126,57,553.0013241269842
53133732,793.5741626794259,673.0,2025-01-29,2025-04-20,209,82,793.5741626794259
53143021,639.6530612244898,600.0,2025-01-30,2025-04-06,49,49,639.6530612244898
53154219,628.7448380530974,578.0,2025-01-24,2025-04-20,226,87,628.7448380530974
53175731,1083.1635218867925,1199.0,2025-01-10,2025-04-20,265,101,1083.1635218867925
53190433,794.7368421052631,800.0,2025-01-31,2025-04-19,76,39,794.7368421052631
53195241,1851.8170368888889,1990.0,2025-01-10,2025-04-20,225,85,1851.8170368888889
53240300,1003.719212315271,990.0,2025-01-07,2025-04-20,203,79,1003.719212315271
53280496,383.65846983606554,380.0,2025-03-09,2025-04-20,61,35,383.65846983606554
53314692,665.881851369863,520.0,2025-02-17,2025-04-20,146,60,665.881851369863
53325047,478.9624060150376,450.0,2025-01-24,2025-04-20,133,50,478.9624060150376
53337464,656.4424242424243,550.0,2025-01-22,2025-04-20,165,89,656.4424242424243
53340772,519.0382352941176,425.0,2025-02-11,2025-04-20,170,69,519.0382352941176
53365226,347.8703703703704,405.0,2025-01-08,2025-04-06,54,54,347.8703703703704
53445765,391.4663120567376,375.0,2025-02-10,2025-04-20,141,58,391.4663120567376
53448627,525.9509817647058,475.0,2025-01-22,2025-03-09,68,26,525.9509817647058
53458717,392.48177078125,380.0,2025-02-21,2025-04-15,128,51,392.48177078125
53474066,883.370786516854,850.0,2025-01-21,2025-04-20,89,39,883.370786516854
53492577,292.5,300.0,2025-03-04,2025-04-07,28,28,292.5
53581602,528.1256830601093,500.0,2025-02-09,2025-04-19,183,70,528.1256830601093
53605382,712.8205128205128,700.0,2025-01-21,2025-04-07,39,39,712.8205128205128
53643568,711.2868852459017,769.0,2025-01-15,2025-03-06,61,25,711.2868852459017
53645678,734.4495412844037,770.0,2025-02-19,2025-04-20,109,61,734.4495412844037
53656846,302.5581395348837,400.0,2025-01-07,2025-04-06,43,43,302.5581395348837
53669499,721.0,810.0,2025-01-20,2025-03-19,177,59,721.0
53671997,451.6521739130435,300.0,2025-03-01,2025-04-07,23,23,451.6521739130435
53717416,687.8403550561798,644.0,2025-01-21,2025-04-20,178,76,687.8403550561798
53733977,419.6224489795918,350.0,2025-01-16,2025-03-31,98,38,419.6224489795918
53738511,466.0,466.0,2025-01-27,2025-03-31,192,64,466.0
53794321,739.3047635838151,749.0,2025-01-11,2025-04-07,173,67,739.304763583815
53796581,1116.551724137931,1000.0,2025-01-06,2025-04-06,58,58,1116.551724137931
53803935,642.549644680851,604.3333,2025-01-22,2025-03-09,47,26,642.549644680851
53815397,246.11111111111111,180.0,2025-01-22,2025-04-07,72,72,246.11111111111111
53825192,929.1208737864077,633.0,2025-01-18,2025-04-20,103,50,929.1208737864077
53893648,632.4890510948906,550.0,2025-02-17,2025-04-20,137,56,632.4890510948906
53899162,298.2083333333333,290.0,2025-01-11,2025-04-07,72,72,298.2083333333333
53903158,1167.8983050847457,1090.0,2025-01-16,2025-04-19,177,72,1167.8983050847457
53914255,574.5467833333333,390.0,2025-02-11,2025-04-20,114,47,574.5467833333333
53915734,503.88439306358384,450.0,2025-01-21,2025-03-31,173,64,503.88439306358384
53918137,434.1505387096774,415.5,2025-01-19,2025-04-07,62,62,434.1505387096774
53936201,772.4493460784314,725.5,2025-02-15,2025-04-20,102,43,772.4493460784314
53972959,931.029939520958,899.0,2025-01-28,2025-04-20,167,73,931.029939520958
53973724,596.0146748427672,589.0,2025-01-30,2025-04-20,159,69,596.0146748427672
53986731,318.87407288888886,300.5,2025-03-06,2025-03-30,45,15,318.87407288888886
54005716,800.0,800.0,2025-02-23,2025-04-06,43,43,800.0
54020562,365.51724137931035,350.0,2025-01-20,2025-03-05,29,29,365.51724137931035
54145466,2000.0,2000.0,2025-01-06,2025-04-05,90,90,2000.0
54167570,1402.4365482233502,1400.0,2025-01-26,2025-04-20,197,81,1402.4365482233502
54237040,696.0707075757576,700.0,2025-01-29,2025-04-17,66,66,696.0707075757576
54245203,591.5869565217391,578.0,2025-02-02,2025-03-09,69,23,591.5869565217391
54246694,752.5641025641025,800.0,2025-01-22,2025-04-20,234,89,752.5641025641025
54287612,426.37500044117644,399.0,2025-01-28,2025-04-20,136,63,426.37500044117644
543584528464360785,375.4916666666667,350.0,2025-02-20,2025-04-20,60,60,375.4916666666667
54365625,670.8024691358024,700.0,2025-01-26,2025-04-20,81,81,670.8024691358024
5443557,799.1158536585366,793.0,2025-01-07,2025-04-07,82,82,799.1158536585366
549056203343531816,554.4622093023256,650.0,2025-02-01,2025-04-20,86,48,554.4622093023256
552912581186899747,1260.0,1300.0,2025-02-12,2025-04-07,49,49,1260.0
553578003486746447,750.0,650.0,2025-02-18,2025-03-04,15,15,750.0
557386903732882183,1129.4528301886792,1000.0,2025-02-04,2025-04-06,53,53,1129.4528301886792
572368704250611987,506.6388888888889,550.0,2025-02-23,2025-04-07,36,36,506.6388888888889
573122310094338767,601.2988,550.0,2025-03-05,2025-04-17,111,44,601.2988
577333685681759877,546.1010638297872,498.0,2025-01-16,2025-04-20,94,38,546.1010638297872
577547502503396579,668.6699346405229,650.0,2025-01-26,2025-04-17,153,58,668.6699346405229
580407424598756855,471.82768305084744,365.0,2025-02-28,2025-04-07,59,23,471.82768305084744
580589381711973141,404.8076923076923,350.0,2025-02-05,2025-04-06,52,52,404.8076923076923
599368528094352718,416.6938775510204,305.0,2025-02-06,2025-04-16,49,24,416.6938775510204
604521043281534642,927.4074074074074,1080.0,2025-01-13,2025-03-14,27,27,927.4074074074074
605748852048435444,443.6163432467532,450.0,2025-01-26,2025-04-20,154,61,443.6163432467532
610155932497817911,518.0,518.0,2025-01-26,2025-03-31,195,65,518.0
612245203931813020,824.3197674418604,900.0,2025-01-10,2025-04-17,172,66,824.3197674418604
613221032690703355,737.7751566037736,801.0,2025-01-23,2025-04-17,106,48,737.7751566037736
618150693526656201,300.1666666666667,249.0,2025-02-07,2025-04-06,48,48,300.1666666666667
618943952389206201,525.4240196078431,400.0,2025-01-12,2025-04-20,204,80,525.4240196078431
621626596784793972,524.4186046511628,500.0,2025-02-06,2025-03-31,43,43,524.4186046511628
622878708674009200,666.7567567567568,650.0,2025-01-25,2025-04-20,74,74,666.7567567567568
627388721154300829,446.556338028169,550.0,2025-02-01,2025-04-10,71,26,446.556338028169
628340205412932131,512.5,400.0,2025-01-10,2025-03-03,32,12,512.5
628897724940732017,969.0,975.0,2025-02-02,2025-03-09,25,25,969.0
629724091250673746,640.2770110344827,588.0,2025-01-13,2025-04-20,145,71,640.2770110344827
630326155301078742,366.2162162162162,350.0,2025-02-11,2025-04-07,37,37,366.2162162162162
633809099013662442,466.16190476190474,450.0,2025-02-05,2025-04-17,105,42,466.16190476190474
639163267116212627,100.0,100.0,2025-01-20,2025-01-30,8,8,100.0
639216644351145145,962.5,900.0,2025-03-16,2025-04-15,16,16,962.5
645092818132652927,359.13793103448273,320.0,2025-02-21,2025-04-07,29,29,359.13793103448273
6569062,737.0856174074074,750.0,2025-01-06,2025-04-19,270,104,737.0856174074074
667324814851452653,884.7117647058824,875.0,2025-01-31,2025-04-20,170,67,884.7117647058824
668715506986619718,641.1356920353982,565.0,2025-01-13,2025-03-31,113,45,641.1356920353982
670778657683556451,905.8444128712871,744.0,2025-01-22,2025-03-31,101,41,905.8444128712872
673825002694927178,796.0,784.0,2025-01-27,2025-03-31,110,42,796.0
673826204715344716,947.6054717557251,1058.0,2025-01-21,2025-03-31,131,53,947.6054717557251
673826267743797671,732.5972222222222,704.0,2025-03-05,2025-03-31,81,27,732.5972222222222
674566887638611404,533.495145631068,600.0,2025-01-20,2025-04-17,103,42,533.495145631068
675242237586865339,482.55752964467,465.0,2025-01-06,2025-04-20,197,77,482.55752964467
676838365540390245,250.0,250.0,2025-04-01,2025-04-20,20,20,250.0
678242953903453952,358.2261904761905,350.0,2025-01-24,2025-04-16,126,49,358.2261904761905
679166677359467385,1144.2380947619047,937.0,2025-01-20,2025-04-20,210,79,1144.2380947619047
681139047695558927,229.46808510638297,219.0,2025-01-17,2025-03-17,47,47,229.46808510638297
681894806923375678,770.667446728972,648.0,2025-01-29,2025-03-31,107,39,770.6674467289719
684782448665574114,615.1027397260274,650.0,2025-02-12,2025-04-20,146,60,615.1027397260274
686743101124580615,818.2037037037037,648.0,2025-02-14,2025-03-31,27,27,818.2037037037037
687757820659405525,574.4518828451883,557.5,2025-01-11,2025-04-20,239,90,574.4518828451883
693024169316156606,602.55468703125,562.0,2025-01-23,2025-03-31,128,44,602.5546870312501
694313018923554703,1258.732803174603,1040.0,2025-01-31,2025-03-31,63,29,1258.732803174603
694947516825280143,330.9791666666667,330.0,2025-02-07,2025-04-16,48,23,330.9791666666667
703527486074504582,344.85115606936415,300.0,2025-01-27,2025-04-20,173,74,344.85115606936415
703538637731385185,407.10558471204183,404.5,2025-01-28,2025-04-20,191,76,407.10558471204183
703678241822238330,321.23333333333335,300.0,2025-02-15,2025-04-20,60,60,321.23333333333335
705946468067026302,486.41509433962267,430.0,2025-01-28,2025-04-17,159,60,486.41509433962267
708045427082372124,1252.904761904762,1250.0,2025-01-13,2025-04-20,252,94,1252.904761904762
711032530664362412,171.9857142857143,149.0,2025-01-27,2025-04-06,35,35,171.9857142857143
716703779507124462,766.8055555555555,790.0,2025-01-13,2025-03-31,72,72,766.8055555555555
718922870189236806,2182.7586206896553,2100.0,2025-01-29,2025-03-31,29,29,2182.7586206896553
719355891470345652,555.7077304347825,500.0,2025-01-28,2025-04-20,207,78,555.7077304347825
721143022842232721,501.94350338983054,500.0,2025-02-02,2025-04-06,59,59,501.94350338983054
721635424816164605,751.664334965035,740.0,2025-01-29,2025-04-20,143,59,751.664334965035
725205326528652381,600.0,600.0,2025-01-27,2025-01-31,5,5,600.0
725867973010290782,499.6360946745562,490.0,2025-01-09,2025-04-20,169,66,499.6360946745562
728531681504670920,151.86936918918917,133.5,2025-01-26,2025-04-20,37,37,151.86936918918917
730437501239201082,686.4514432,774.0,2025-01-27,2025-04-20,225,84,686.4514431999999
730503580289648392,787.5,775.0,2025-01-28,2025-03-04,10,10,787.5
730553947980169722,850.2008620903955,900.0,2025-02-01,2025-04-20,177,78,850.2008620903954
731853350375474350,705.5147058823529,700.0,2025-01-25,2025-04-20,34,34,705.5147058823529
732572931172602640,291.42857142857144,280.0,2025-02-07,2025-04-20,63,63,291.42857142857144
734707774394612996,1417.877358490566,1400.0,2025-01-29,2025-04-06,53,53,1417.877358490566
734774611454860165,615.9035947712418,625.0,2025-02-10,2025-04-20,153,64,615.9035947712418
734843676958831992,453.125,350.0,2025-01-24,2025-04-07,32,32,453.125
734991572208138176,277.9759036144578,280.0,2025-01-11,2025-04-05,83,83,277.9759036144578
735732850757918650,1422.0852709302326,950.0,2025-02-26,2025-04-16,86,35,1422.0852709302326
739015384619300207,1605.9092505747126,1604.0,2025-02-02,2025-03-31,174,58,1605.9092505747126
739663897909156017,720.8333333333334,800.0,2025-01-12,2025-04-07,72,72,720.8333333333334
742262889162653132,177.01785714285714,180.0,2025-01-12,2025-03-31,56,56,177.01785714285714
744210382596366805,508.37008031496066,500.0,2025-01-31,2025-04-20,127,55,508.3700803149606
745632820094188215,726.7142857142857,800.0,2025-02-01,2025-03-09,28,16,726.7142857142857
746451645715267085,991.4077868852459,900.0,2025-01-20,2025-04-20,244,91,991.4077868852459
748336742434217963,457.8095238095238,450.0,2025-01-21,2025-04-20,105,44,457.8095238095238
753461577197808016,875.6317073170732,980.0,2025-01-11,2025-03-31,205,73,875.6317073170732
753566944813003124,571.0572864321608,550.0,2025-01-15,2025-04-20,199,96,571.0572864321608
754141022905987471,749.0305169014084,800.0,2025-01-31,2025-04-20,213,80,749.0305169014084
754375397775403281,838.5926076612902,890.0,2025-01-07,2025-04-20,248,96,838.5926076612902
754796838418506202,604.6638418079096,675.0,2025-01-24,2025-04-20,177,68,604.6638418079096
756997201912524343,947.4778225806451,850.0,2025-01-14,2025-04-20,248,97,947.4778225806451
758758164947604865,153.90243902439025,170.0,2025-01-20,2025-04-20,82,82,153.90243902439025
760805979001764233,650.0,650.0,2025-01-24,2025-01-26,3,3,650.0
762112217871324562,567.9632360294117,600.0,2025-01-13,2025-04-17,136,61,567.9632360294117
762192750283483456,395.56965164179104,440.0,2025-01-20,2025-03-31,67,67,395.56965164179104
762916089194134311,1008.1481481481482,1000.0,2025-01-07,2025-04-20,270,104,1008.1481481481482
766052072199682693,626.6770840277778,550.0,2025-02-12,2025-04-20,144,57,626.6770840277778
766156195693050227,1837.1415094339623,1897.0,2025-02-10,2025-04-07,53,53,1837.1415094339623
766788707373767791,490.71079545454546,520.0,2025-02-09,2025-04-19,88,40,490.71079545454546
767407262472265686,788.1208984455959,800.0,2025-01-12,2025-04-17,193,73,788.1208984455959
768032727158094436,1200.0,1200.0,2025-03-19,2025-04-05,18,18,1200.0
769009482417170004,590.4110429447853,480.0,2025-01-23,2025-04-20,163,75,590.4110429447853
769461318721075633,569.4444444444445,500.0,2025-02-12,2025-03-31,36,36,569.4444444444445
769616108652112172,363.3333333333333,350.0,2025-02-25,2025-04-07,33,33,363.3333333333333
770131545986036241,971.5269487562189,900.0,2025-01-13,2025-04-20,201,78,971.5269487562189
771111761043546355,598.4191919191919,557.0,2025-02-04,2025-04-19,198,75,598.4191919191919
771134836709283777,357.8,300.0,2025-02-23,2025-04-07,15,15,357.8
772261416620745030,835.3601895734597,825.0,2025-01-18,2025-04-20,211,82,835.3601895734597
772706520794806760,450.0,450.0,2025-01-23,2025-01-31,9,9,450.0
778933432062496662,1027.6368603174603,990.0,2025-01-18,2025-04-20,189,73,1027.6368603174603
779104726998664227,412.0,400.0,2025-01-31,2025-04-06,38,38,412.0
780376166619260652,529.4545454545455,429.0,2025-02-23,2025-04-07,44,44,529.4545454545455
780872235421635957,515.2386363636364,499.0,2025-01-15,2025-03-31,44,44,515.2386363636364
781223884036842600,364.758064516129,337.5,2025-02-11,2025-04-17,62,62,364.758064516129
782548209247570691,699.9406568181819,700.0,2025-02-11,2025-04-20,132,54,699.9406568181819
782734966853311782,770.5404761904762,580.0,2025-01-21,2025-04-20,210,79,770.5404761904762
783879004243392314,710.9958696601942,650.0,2025-01-23,2025-04-20,206,81,710.9958696601942
784598714032826222,1188.4113489361703,1200.0,2025-01-14,2025-04-07,141,71,1188.4113489361703
784836681288428817,377.38461538461536,370.0,2025-01-23,2025-04-07,65,65,377.38461538461536
785658004981722606,693.0944976076555,690.75,2025-01-17,2025-04-20,209,79,693.0944976076555
786307999394390316,591.4113924050633,550.0,2025-01-16,2025-04-20,158,72,591.4113924050633
786807324710664147,1249.6769230769232,850.0,2025-02-12,2025-04-17,117,52,1249.6769230769232
787195284335262595,576.7590233121019,550.0,2025-02-02,2025-04-16,157,63,576.7590233121018
787606557854537606,626.1051307692308,584.6667,2025-01-16,2025-03-31,65,65,626.1051307692306
787847078680683474,389.13907284768214,330.0,2025-01-11,2025-04-20,151,63,389.13907284768214
790006111813482352,427.0147058823529,405.0,2025-01-18,2025-04-07,68,68,427.0147058823529
790431243381422888,956.2010175572519,1000.0,2025-01-07,2025-04-20,262,104,956.2010175572519
790518755885066166,794.5448176470588,750.0,2025-01-09,2025-04-20,119,51,794.5448176470588
790752171303746450,665.3333333333334,750.0,2025-01-07,2025-04-20,222,87,665.3333333333334
791313913845076166,850.0,850.0,2025-02-09,2025-04-06,50,50,850.0
792096103347120988,470.65,481.75,2025-01-23,2025-04-06,125,59,470.65
792184367926408145,385.1383649056604,396.0,2025-02-17,2025-04-19,106,57,385.13836490566035
794707921952592251,152.96875,150.0,2025-01-28,2025-04-06,48,48,152.96875
794710559970994170,506.9054375886525,500.0,2025-01-27,2025-04-20,141,68,506.9054375886525
794996321339600522,427.3085106382979,483.5,2025-01-26,2025-04-20,94,67,427.3085106382979
795495744056169046,914.1633333333333,812.5,2025-01-20,2025-04-20,150,66,914.1633333333333
795757968903961791,356.7328767123288,350.0,2025-01-24,2025-04-06,73,73,356.7328767123288
796481545034280714,667.9336734693877,580.0,2025-01-17,2025-04-20,196,74,667.9336734693877
797261187302809924,551.2338570680629,500.0,2025-01-11,2025-04-20,191,75,551.2338570680629
798475021925579344,330.8125,300.0,2025-02-04,2025-04-06,120,48,330.8125
798609957167332367,676.3888888888889,700.0,2025-01-20,2025-04-07,72,72,676.3888888888889
798631136594423222,1100.0,1100.0,2025-01-21,2025-04-07,56,56,1100.0
799251513158018593,550.7248347222222,500.0,2025-02-20,2025-04-20,144,60,550.7248347222222
800942299109284552,323.2425373134328,300.0,2025-02-04,2025-04-19,134,55,323.2425373134328
801271167231006592,251.94650197530862,250.0,2025-03-12,2025-04-20,81,40,251.94650197530862
801611117719633492,478.2682926829268,400.0,2025-01-21,2025-04-20,164,67,478.2682926829268
802047490248101970,251.5529411764706,250.0,2025-03-10,2025-04-20,85,42,251.5529411764706
802357806571870530,667.9078947368421,680.0,2025-02-09,2025-04-20,114,55,667.9078947368421
802922826036667371,1210.9375,1200.0,2025-02-02,2025-04-06,64,64,1210.9375
803403468437987911,377.24657534246575,371.0,2025-01-08,2025-04-05,73,73,377.24657534246575
805381324514930766,783.30729125,750.0,2025-02-21,2025-04-05,32,32,783.3072912499999
805726391815686158,389.6,399.0,2025-01-12,2025-04-17,135,57,389.6
806702099486447309,603.508875739645,500.0,2025-01-31,2025-04-20,169,68,603.508875739645
807400945391416643,711.7692307692307,850.0,2025-01-12,2025-04-19,78,41,711.7692307692307
807898347637042057,395.0,430.0,2025-03-23,2025-04-07,16,16,395.0
809946874989632205,380.00666666666666,370.0,2025-01-20,2025-04-20,75,75,380.00666666666666
811053746893495263,435.5609756097561,400.0,2025-01-21,2025-04-20,164,66,435.5609756097561
812231708820863156,677.4065674242424,500.0,2025-01-31,2025-04-16,132,58,677.4065674242426
813090046454458015,388.45238095238096,390.0,2025-01-23,2025-04-20,84,84,388.45238095238096
815806026505024003,897.2121212121212,900.0,2025-01-27,2025-03-17,99,33,897.2121212121212
816613605644920543,1969.5652173913043,2100.0,2025-01-08,2025-04-17,161,92,1969.5652173913043
821574780923920105,611.9294117647058,600.0,2025-02-15,2025-04-20,85,54,611.9294117647058
821920276390293366,671.812,650.0,2025-01-09,2025-04-11,125,48,671.812
822365439954007216,723.4921052631579,730.5,2025-01-13,2025-04-20,190,80,723.4921052631579
826063757882656916,620.9547619047619,516.0,2025-01-07,2025-04-19,210,82,620.9547619047619
826617189908528565,477.73726861111106,400.0,2025-01-20,2025-04-20,144,65,477.73726861111106
828036946101813387,360.77185786885246,270.0,2025-03-01,2025-04-20,61,24,360.77185786885246
8287843,659.6052631578947,700.0,2025-01-26,2025-04-20,190,78,659.6052631578947
831740758559247685,805.1176470588235,800.0,2025-02-21,2025-03-31,102,34,805.1176470588235
832123000813215722,518.5904977375566,490.0,2025-01-24,2025-04-20,221,87,518.5904977375566
834645644371228115,300.0,300.0,2025-01-22,2025-02-28,38,38,300.0
836385234465202348,1167.754716981132,1040.0,2025-01-26,2025-03-31,106,48,1167.754716981132
836415940545761422,521.5916666666667,490.0,2025-01-29,2025-04-07,60,60,521.5916666666667
837646263953285868,482.03105178571434,460.0,2025-01-18,2025-04-17,168,68,482.03105178571434
837846012155525926,411.3636363636364,400.0,2025-02-17,2025-04-05,44,44,411.3636363636364
839184834439414765,154.71428571428572,150.0,2025-01-31,2025-04-20,42,42,154.71428571428572
840525492567265584,1269.0566037735848,1000.0,2025-02-16,2025-04-17,106,44,1269.0566037735848
841394344184198064,662.8202247191011,600.0,2025-01-21,2025-03-31,89,31,662.8202247191011
844864653127085626,1048.6490809045226,1090.0,2025-01-12,2025-04-20,199,76,1048.6490809045226
850675824952359571,805.128595049505,802.0,2025-01-10,2025-03-31,202,68,805.128595049505
850931966820064700,812.6412221374046,720.0,2025-01-27,2025-04-20,131,59,812.6412221374046
856482117556875618,362.43243243243245,370.0,2025-03-22,2025-04-16,37,26,362.43243243243245
859653300578357102,702.0,702.0,2025-01-28,2025-03-31,171,57,702.0
859925561562240250,792.8275862068965,704.0,2025-02-24,2025-03-31,29,29,792.8275862068965
863830918159371125,329.46268656716416,306.0,2025-01-31,2025-04-20,67,67,329.46268656716416
869504505210568410,1162.5,1250.0,2025-01-23,2025-04-20,80,80,1162.5
871084107630048364,453.93333333333334,450.0,2025-02-09,2025-04-20,135,54,453.93333333333334
873125740517449213,488.8776683743842,446.0,2025-01-17,2025-04-20,203,84,488.8776683743842
873255393900331818,735.7227722772277,584.33335,2025-02-01,2025-04-20,202,79,735.7227722772277
873260132509992833,402.7307692307692,400.0,2025-02-15,2025-02-27,26,13,402.7307692307692
881204142086821328,584.21875,550.0,2025-01-28,2025-04-20,160,68,584.21875
8838629,781.0525248484848,650.0,2025-01-21,2025-04-17,165,66,781.0525248484848
883930877150990341,109.0,109.0,2025-04-02,2025-04-06,5,5,109.0
892662939259281401,1500.0,1500.0,2025-01-11,2025-01-31,13,13,1500.0
892721989592935461,378.7420634920635,350.0,2025-01-19,2025-04-16,126,49,378.7420634920635
8936081,493.037037037037,460.0,2025-02-28,2025-04-06,27,27,493.037037037037
894985131313802009,679.443641618497,627.0,2025-02-07,2025-04-20,173,68,679.443641618497
897144549301156856,1014.8863636363636,850.0,2025-01-07,2025-03-05,44,35,1014.8863636363636
900757690500508426,653.2857142857143,795.0,2025-01-12,2025-04-17,119,60,653.2857142857143
902324773092897293,1235.108695652174,1250.0,2025-01-09,2025-01-23,23,13,1235.108695652174
904512525045117852,585.0823986915888,607.5,2025-01-24,2025-04-16,107,43,585.0823986915888
906701409648697471,577.4722222222222,598.0,2025-02-07,2025-04-20,144,57,577.4722222222222
910707550951342167,2000.0,2000.0,2025-04-06,2025-04-07,2,2,2000.0
910815231577364751,539.9087591240876,500.0,2025-01-13,2025-04-20,137,65,539.9087591240876
911476333007658783,253.42391304347825,200.0,2025-01-27,2025-04-17,138,53,253.42391304347825
912678193847993947,300.6363636363636,300.0,2025-01-08,2025-04-06,77,77,300.6363636363636
913929715874853789,974.0258795031056,899.0,2025-01-15,2025-04-20,161,68,974.0258795031056
914342944500490787,694.1150785714285,583.0,2025-02-24,2025-04-06,42,42,694.1150785714285
915332897455058900,1075.0036764705883,928.0,2025-01-31,2025-04-20,68,68,1075.0036764705883
916052715744473224,1174.344836734694,1150.0,2025-01-06,2025-02-28,147,54,1174.344836734694
923133320997277084,427.07553956834533,550.0,2025-01-18,2025-04-16,139,53,427.07553956834533
929120660817262874,745.7176470588236,699.0,2025-01-13,2025-04-20,255,98,745.7176470588236
9327293,922.4090909090909,900.0,2025-01-27,2025-03-31,33,33,922.4090909090909
936216057908307884,382.29171318435755,392.0,2025-01-28,2025-04-20,179,75,382.29171318435755
939218400123538892,444.11764705882354,350.0,2025-02-22,2025-03-27,34,34,444.11764705882354
939325387438995809,1394.9720670391062,1200.0,2025-01-10,2025-04-20,179,76,1394.9720670391062
939698664229028471,317.65340909090907,300.0,2025-01-23,2025-04-16,88,39,317.65340909090907
942057172413556286,100.0,100.0,2025-02-27,2025-04-06,39,39,100.0
944320965810800803,893.8373191304348,900.0,2025-01-24,2025-04-20,230,87,893.8373191304348
946451380352813662,1105.6377551020407,1100.0,2025-01-15,2025-04-20,49,28,1105.6377551020407
946609581890906389,413.45833342105266,396.16667,2025-02-25,2025-04-14,76,37,413.45833342105266
950059146531590785,469.05882352941177,397.0,2025-02-08,2025-03-10,17,17,469.05882352941177
956398979498945273,477.11764705882354,500.0,2025-03-07,2025-04-14,102,39,477.11764705882354
956676934234107014,542.9516129032259,585.0,2025-01-27,2025-03-30,62,24,542.9516129032259
957349094500016515,677.6940639269407,699.0,2025-01-25,2025-04-20,219,82,677.6940639269407
963040775940890055,714.8837204651163,644.0,2025-01-12,2025-04-20,215,81,714.8837204651163
963916345061155113,1360.827143809524,1460.0,2025-02-01,2025-03-31,105,35,1360.8271438095237
964579064376617710,853.2486486486487,743.0,2025-01-31,2025-04-20,185,74,853.2486486486487
965258538716677226,624.6976744186046,590.0,2025-01-08,2025-04-05,86,86,624.6976744186046
965310801955633109,498.24074074074076,500.0,2025-02-05,2025-04-20,162,63,498.24074074074076
9658725,282.1,300.0,2025-03-24,2025-04-02,10,10,282.1
966687088388761169,793.5741176470588,850.0,2025-01-14,2025-04-20,255,97,793.5741176470588
968213956640500474,512.0744047321429,498.0,2025-01-14,2025-04-17,224,82,512.0744047321429
970445468070597218,570.0,570.0,2025-01-07,2025-01-08,2,2,570.0
973272705231391942,301.1111111111111,240.0,2025-02-15,2025-03-31,45,45,301.1111111111111
978095320445301654,908.1928580952382,900.0,2025-01-14,2025-04-20,210,82,908.1928580952382
978244263452010977,516.4404761904761,480.0,2025-01-13,2025-04-17,126,50,516.4404761904761
978410400232267791,396.317204516129,400.0,2025-03-01,2025-03-31,31,31,396.317204516129
9784227,480.0,480.0,2025-02-01,2025-02-28,19,19,480.0
980310639590708922,664.452167264574,594.0,2025-01-10,2025-04-20,223,91,664.452167264574
980365989956218871,1528.623287671233,1582.0,2025-01-21,2025-04-06,73,73,1528.623287671233
982642009007231841,275.12952902173913,238.0,2025-01-27,2025-04-07,92,52,275.12952902173913
983188724209547131,905.6380471717172,1000.0,2025-01-27,2025-04-17,198,74,905.6380471717172
984846668146064982,1021.6103728476822,974.3333,2025-01-15,2025-03-08,151,53,1021.610372847682
985445004274818605,165.11016949152543,150.0,2025-01-26,2025-04-17,59,59,165.11016949152543
985716714802993034,425.144927826087,500.0,2025-03-04,2025-04-20,115,48,425.144927826087
986245345084467584,866.7727272727273,800.0,2025-01-25,2025-04-20,231,86,866.7727272727273
986407426689940399,293.35,300.0,2025-01-18,2025-04-17,100,43,293.35
986565062867231257,239.26966292134833,230.0,2025-01-07,2025-04-07,89,89,239.26966292134833
991407580891691701,683.7247944444445,627.0,2025-01-20,2025-04-20,162,67,683.7247944444445
995680028058206783,3520.4071856287424,3500.0,2025-01-07,2025-04-20,167,96,3520.4071856287424
996227938456591020,333.5342465753425,350.0,2025-01-28,2025-04-20,73,73,333.5342465753425
999226382307972271,466.67180616740086,500.0,2025-01-20,2025-04-20,227,85,466.67180616740086
