suburb,beds_group,preco_compra,area_m2,condo_anual,iptu_anual,custo_fixo_anual,cenario,ocupacao,receita_bruta,receita_liquida,yield_bruto,yield_liquido,n_oferta,n_compra
Casa Branca,2 quartos,655000.0,69.5,3600.0,100.0,3700.0,conservador,0.25,30935.128201245032,22594.85897105828,0.047229203360679435,0.03449596789474546,11,20
Casa Branca,2 quartos,655000.0,69.5,3600.0,100.0,3700.0,base,0.35,43309.17948174304,33112.802559481584,0.06612088470495121,0.05055389703737646,11,20
Casa Branca,2 quartos,655000.0,69.5,3600.0,100.0,3700.0,otimista,0.45,55683.23076224106,43630.7461479049,0.08501256604922298,0.06661182618000748,11,20
Centro,1 quarto,890000.0,42.0,5400.0,120.0,5520.0,conservador,0.25,41609.45571312118,29848.037356153,0.046752197430473236,0.03353712062489101,78,22
Centro,1 quarto,890000.0,42.0,5400.0,120.0,5520.0,base,0.35,58253.237998369645,43995.2522986142,0.06545307640266253,0.049432867751251906,78,22
Centro,1 quarto,890000.0,42.0,5400.0,120.0,5520.0,otimista,0.45,74897.02028361813,58142.46724107541,0.08415395537485183,0.06532861487761282,78,22
Centro,2 quartos,1150000.0,86.0,5532.0,700.0,6232.0,conservador,0.25,52106.32656396723,38058.37757937214,0.04530984918605846,0.033094241373367084,65,89
Centro,2 quartos,1150000.0,86.0,5532.0,700.0,6232.0,base,0.35,72948.85718955412,55774.528611121,0.06343378886048184,0.04849959009662696,65,89
Centro,2 quartos,1150000.0,86.0,5532.0,700.0,6232.0,otimista,0.45,93791.38781514102,73490.67964286986,0.08155772853490523,0.06390493881988683,65,89
Centro,3 quartos,2100000.0,131.0,12.0,1.0,13.0,conservador,0.25,70645.89353756676,60036.00950693175,0.0336409016845556,0.028588575955681785,45,438
Centro,3 quartos,2100000.0,131.0,12.0,1.0,13.0,base,0.35,98904.25095259347,84055.61330970445,0.04709726235837784,0.04002648252843069,45,438
Centro,3 quartos,2100000.0,131.0,12.0,1.0,13.0,otimista,0.45,127162.6083676202,108075.21711247717,0.06055362303220009,0.051464389101179606,45,438
Centro,4+ quartos,3900000.0,200.0,0.0,0.0,0.0,conservador,0.25,61839.76961815543,52563.80417543211,0.015856351184142418,0.013477898506521053,5,437
Centro,4+ quartos,3900000.0,200.0,0.0,0.0,0.0,base,0.35,86575.6774654176,73589.32584560495,0.022198891657799383,0.018869057909129475,5,437
Centro,4+ quartos,3900000.0,200.0,0.0,0.0,0.0,otimista,0.45,111311.58531267977,94614.8475157778,0.02854143213145635,0.024260217311737897,5,437
Meia Praia,1 quarto,877500.0,40.0,0.0,100.0,100.0,conservador,0.25,48343.836949676166,40992.26140722474,0.05509269168054264,0.04671482781450113,20,58
Meia Praia,1 quarto,877500.0,40.0,0.0,100.0,100.0,base,0.35,67681.37172954663,57429.165970114635,0.0771297683527597,0.06544634298588563,20,58
Meia Praia,1 quarto,877500.0,40.0,0.0,100.0,100.0,otimista,0.45,87018.90650941711,73866.07053300455,0.09916684502497676,0.08417785815727014,20,58
Meia Praia,2 quartos,1075000.0,85.0,5400.0,650.0,6050.0,conservador,0.25,46658.7609858996,33609.94683801466,0.043403498591534515,0.031265066826060145,187,244
Meia Praia,2 quartos,1075000.0,85.0,5400.0,650.0,6050.0,base,0.35,65322.26538025944,49473.92557322053,0.06076489802814832,0.046022256347181885,187,244
Meia Praia,2 quartos,1075000.0,85.0,5400.0,650.0,6050.0,otimista,0.45,83985.76977461929,65337.9043084264,0.07812629746476213,0.060779445868303625,187,244
Meia Praia,3 quartos,1884860.0,129.0,6000.0,516.0,6516.0,conservador,0.25,61636.454061437275,45874.98595222168,0.03270081282505718,0.024338670220717548,327,1704
Meia Praia,3 quartos,1884860.0,129.0,6000.0,516.0,6516.0,base,0.35,86291.03568601218,66831.38033311036,0.04578113795508005,0.03545694658123699,327,1704
Meia Praia,3 quartos,1884860.0,129.0,6000.0,516.0,6516.0,otimista,0.45,110945.6173105871,87787.77471399902,0.05886146308510293,0.04657522294175643,327,1704
Meia Praia,4+ quartos,3700000.0,189.0,7080.0,1.0,7081.0,conservador,0.25,114940.81033183745,90618.68878206183,0.03106508387346958,0.02449153750866536,65,1403
Meia Praia,4+ quartos,3700000.0,189.0,7080.0,1.0,7081.0,base,0.35,160917.13446457242,129698.56429488654,0.04349111742285741,0.03505366602564501,65,1403
Meia Praia,4+ quartos,3700000.0,189.0,7080.0,1.0,7081.0,otimista,0.45,206893.4585973074,168778.4398077113,0.05591715097224525,0.04561579454262467,65,1403
Morretes,2 quartos,790000.0,69.0,3600.0,425.0,4025.0,conservador,0.25,57567.7226693415,44907.564268940274,0.07287053502448292,0.05684501806194971,51,1044
Morretes,2 quartos,790000.0,69.0,3600.0,425.0,4025.0,base,0.35,80594.8117370781,64480.58997651638,0.10201874903427607,0.0816209999702739,51,1044
Morretes,2 quartos,790000.0,69.0,3600.0,425.0,4025.0,otimista,0.45,103621.90080481471,84053.6156840925,0.13116696304406925,0.1063969818785981,51,1044
Morretes,3 quartos,845000.0,70.0,3600.0,450.0,4050.0,conservador,0.25,61051.8084431393,47844.037176668404,0.0722506608794548,0.05662016233925255,10,155
Morretes,3 quartos,845000.0,70.0,3600.0,450.0,4050.0,base,0.35,85472.53182039502,68601.65204733577,0.1011509252312367,0.08118538703826718,10,155
Morretes,3 quartos,845000.0,70.0,3600.0,450.0,4050.0,otimista,0.45,109893.25519765074,89359.26691800312,0.13005118958301862,0.1057506117372818,10,155
Tabuleiro dos Oliveiras,2 quartos,780000.0,69.0,12.0,1.0,13.0,conservador,0.25,42198.77007707394,35855.954565512846,0.05410098727829992,0.04596917251988827,12,111
Tabuleiro dos Oliveiras,2 quartos,780000.0,69.0,12.0,1.0,13.0,base,0.35,59078.27810790351,50203.536391717986,0.07574138218961989,0.06436350819451024,12,111
Tabuleiro dos Oliveiras,2 quartos,780000.0,69.0,12.0,1.0,13.0,otimista,0.45,75957.78613873309,64551.118217923125,0.09738177710093986,0.08275784386913221,12,111
